Job ID,Job URL,Job Title,Company Name,Status,Timestamp,WP ID
4157fc6275f4e5c7,https://de.linkedin.com/jobs/view/rtr-at-aggreko-4427559132,RtR,,scraped,2026-07-07T00:11:05.089903,
9888ebbb036983f8,https://de.linkedin.com/jobs/view/apply-to-join-our-operations-team-at-equipo-academy-4435102216,Apply to Join Our Operations Team,Equipo Academy,posted,2026-07-07T00:11:21.363490,20
b29b9b4d804efa5a,https://de.linkedin.com/jobs/view/servicenow-at-sonoco-4428607026,ServiceNow,Sonoco,posted,2026-07-07T00:11:30.882454,22
cc353a7cd1cb4c8b,https://de.linkedin.com/jobs/view/spontaneous-application-all-genders-worldwide-at-seeburger-4328859282,Spontaneous Application (all genders) - worldwide,,scraped,2026-07-07T00:11:33.493456,
cfc1637ceb46a564,https://de.linkedin.com/jobs/view/speculative-application-w%C3%BCrzburg-at-koenig-bauer-dk-4435752702,Speculative application Würzburg,,scraped,2026-07-07T00:12:45.139013,
6a1d9a9b68d2d978,https://de.linkedin.com/jobs/view/zfa-at-z17-gesundheit-4437439202,ZFA,,scraped,2026-07-07T00:12:52.190750,
4a851cd2bc328736,https://de.linkedin.com/jobs/view/initiativ-at-taw-die-akademie-4433158796,Initiativ,,scraped,2026-07-07T00:12:58.653501,
653782df6fcd36bc,https://de.linkedin.com/jobs/view/mehrere-stellen-zu-besetzen-at-uplink-network-gmbh-4437168467,Mehrere Stellen zu besetzen,,scraped,2026-07-07T00:13:05.475460,
2c76a2456b462d0d,https://de.linkedin.com/jobs/view/planer-m-w-d-at-elflein-spedition-transport-gmbh-4436322387,Planer (m/w/d),,scraped,2026-07-07T00:13:13.031666,
61bd85f85bd05186,https://de.linkedin.com/jobs/view/postbote-f%C3%BCr-pakete-und-briefe-m-w-d-at-deutsche-post-und-dhl-4437147752,Postbote für Pakete und Briefe (m/w/d),,scraped,2026-07-07T00:13:19.723336,
f399278211a6badc,https://de.linkedin.com/jobs/view/steinmetz-at-ernst-stribny-gmbh-4433792244,Steinmetz,,scraped,2026-07-07T00:14:30.036725,
2ac57094bb5f1e69,https://de.linkedin.com/jobs/view/vorarbeiter-m-w-d-at-werner-companies-4432370020,Vorarbeiter (m/w/d),WERNER companies,posted,2026-07-07T00:14:48.353927,24
11ac249acde8fc80,https://de.linkedin.com/jobs/view/kalkulator-at-mfb-bauunternehmen-4436481887,Kalkulator,,scraped,2026-07-07T00:14:51.056640,
76b7b8a94c1ae3bf,https://de.linkedin.com/jobs/view/karriere-in-berlin-at-relexa-hotels-4436239947,Karriere in Berlin,relexa hotels,posted,2026-07-07T00:15:05.467568,26
75add4f838ea1fa8,https://de.linkedin.com/jobs/view/kalkulator-m-w-d-at-personalberatung-susan-lange-4432704241,Kalkulator (m/w/d),Personalberatung Susan Lange,posted,2026-07-07T00:15:15.454810,28
aed151cdeafd4aea,https://de.linkedin.com/jobs/view/imker-m-w-d-at-bio-imkerei-geiger-4433168407,Imker (m/w/d),Bio Imkerei Geiger,posted,2026-07-07T00:15:25.251605,30
2a4c6a0401d7cdac,https://de.linkedin.com/jobs/view/kultur-theater-at-kultur-im-sommer-4435494288,KULTUR & THEATER,Kultur im Sommer,posted,2026-07-07T00:15:34.944563,32
85f9e22086b8659c,https://de.linkedin.com/jobs/view/personaldisponent-at-fair-personal-%2B-qualifizierung-gmbh-co-kg-4435595809,Personaldisponent,FAIR Personal + Qualifizierung GmbH &amp; Co. KG,posted,2026-07-07T00:15:44.399149,34
6d0db1493dc20817,https://de.linkedin.com/jobs/view/folierer-m-w-d-at-ostermann-gruppe-4435549011,Folierer (m/w/d),Ostermann Gruppe,posted,2026-07-07T00:15:54.113802,36
9cb8d428edaf59b4,https://de.linkedin.com/jobs/view/apply-to-join-our-teaching-team-at-equipo-academy-4434998322,Apply to Join Our Teaching Team,Equipo Academy,posted,2026-07-07T00:16:03.023963,38
6714f20bc2e2ccbc,https://de.linkedin.com/jobs/view/initiativstelle-at-gealan-4390858685,Initiativstelle,,scraped,2026-07-07T00:16:05.714171,
de96af9e5f0febad,https://de.linkedin.com/jobs/view/stra%C3%9Fenreiniger-innen-at-universit%C3%A4tsstadt-gie%C3%9Fen-4436459881,Straßenreiniger*innen,Universitätsstadt Gießen,posted,2026-07-07T00:17:30.979371,40
54e0faeb5503f036,https://de.linkedin.com/jobs/view/informationstechnik-at-stadt-k%C3%B6ln-4423622553,Informationstechnik,,scraped,2026-07-07T00:17:33.624635,
2ae52a629b72ff0c,https://de.linkedin.com/jobs/view/postbote-f%C3%BCr-pakete-und-briefe-m-w-d-at-deutsche-post-und-dhl-4436735845,Postbote für Pakete und Briefe (m/w/d),,scraped,2026-07-07T00:18:44.897939,
d887ffe6de217792,https://de.linkedin.com/jobs/view/postbote-f%C3%BCr-pakete-und-briefe-m-w-d-at-deutsche-post-und-dhl-4436901243,Postbote für Pakete und Briefe (m/w/d),,scraped,2026-07-07T00:18:51.702739,
e1be93643e2c0c00,https://de.linkedin.com/jobs/view/postbote-f%C3%BCr-pakete-und-briefe-m-w-d-at-deutsche-post-und-dhl-4436906048,Postbote für Pakete und Briefe (m/w/d),,scraped,2026-07-07T00:20:02.192695,
ab6b88a1ba5a1948,https://de.linkedin.com/jobs/view/postbote-f%C3%BCr-pakete-und-briefe-m-w-d-at-deutsche-post-und-dhl-4436743384,Postbote für Pakete und Briefe (m/w/d),,scraped,2026-07-07T00:20:08.698730,
e9a9c5afc33b97ea,https://de.linkedin.com/jobs/view/postbote-f%C3%BCr-pakete-und-briefe-m-w-d-at-deutsche-post-und-dhl-4436745239,Postbote für Pakete und Briefe (m/w/d),,scraped,2026-07-07T00:21:19.042890,
7723f2aaf0fbfe5d,https://de.linkedin.com/jobs/view/postbote-f%C3%BCr-pakete-und-briefe-m-w-d-at-deutsche-post-und-dhl-4436742452,Postbote für Pakete und Briefe (m/w/d),,scraped,2026-07-07T00:21:25.449083,
c04a63b9d3775ee7,https://de.linkedin.com/jobs/view/postbote-f%C3%BCr-pakete-und-briefe-m-w-d-at-deutsche-post-und-dhl-4437136968,Postbote für Pakete und Briefe (m/w/d),,scraped,2026-07-07T00:22:35.755394,
9ee86d5f62421c9f,https://de.linkedin.com/jobs/view/client-success-manager-at-ebrand-4436495764,Client Success Manager,,scraped,2026-07-07T00:22:42.359812,
e60d970c11c73bbe,https://de.linkedin.com/jobs/view/country-manager-germany-at-bybit-eu-4436062839,Country Manager -  Germany,Bybit EU,posted,2026-07-07T00:24:00.919721,42
51027c183b8b4f9d,https://de.linkedin.com/jobs/view/associate-frontend-developer-at-gulf-associates-4436005405,Associate Frontend Developer,,scraped,2026-07-07T00:24:03.573500,
741ca14676ca66a6,https://de.linkedin.com/jobs/view/product-data-scientist-%E2%80%94-ai-evaluation-quality-at-finom-4436921223,Product Data Scientist — AI Evaluation & Quality,,scraped,2026-07-07T00:25:13.832808,
9af70ac5e29d3434,https://de.linkedin.com/jobs/view/business-development-manager-tourism-travel-europe-m-w-d-at-schmetterling-international-gmbh-co-kg-4436983932,Business Development Manager Tourism & Travel Europe (m/w/d),,scraped,2026-07-07T00:25:20.823719,
0ae1138f5b4a6e22,https://de.linkedin.com/jobs/view/head-of-operations-m-w-d-80k-berlin-mitte-at-heavenhr-4437164386,Head of Operations (m/w/d) - 80k - Berlin Mitte,,scraped,2026-07-07T00:25:30.196488,
ae88c0d2aa025904,https://de.linkedin.com/jobs/view/customer-success-manager-smb-at-jobgether-4436089570,"Customer Success Manager, SMB",,scraped,2026-07-07T00:25:37.325525,
5ea76aff4f6de0c8,https://de.linkedin.com/jobs/view/full-stack-developer-m-f-d-at-limesurvey-gmbh-4436224161,Full Stack Developer (m/f/d),,scraped,2026-07-07T00:25:43.946939,
8b475c457640326d,https://de.linkedin.com/jobs/view/business-development-manager-logistics-at-jobgether-4436203190,"Business Development Manager, Logistics",,scraped,2026-07-07T00:25:50.904040,
973eec8d86bd596d,https://de.linkedin.com/jobs/view/ad-creative-specialist-d2c-pet-brand-at-mrfluffyfriend-global-4436942608,Ad Creative Specialist D2C Pet Brand,MrFluffyFriend Global,posted,2026-07-07T00:26:04.074252,44
81c37db9856801c5,https://de.linkedin.com/jobs/view/lead-operations-engineer-at-cachefly-4437439759,Lead Operations Engineer,CacheFly,posted,2026-07-07T00:26:12.950419,46
831826ec515bf07c,https://de.linkedin.com/jobs/view/business-development-manager-hotels-at-searchparty-digital-ltd-4437179829,Business development Manager - Hotels,searchparty digital Ltd.,posted,2026-07-07T00:27:33.261583,48
194bec6101718b01,https://de.linkedin.com/jobs/view/security-analyst-at-jobgether-4436235200,Security Analyst,,scraped,2026-07-07T00:27:35.907309,
7c6df9496aa500ef,https://de.linkedin.com/jobs/view/freelance-annotator-english-ai-trainer-at-toloka-annotators-4437196439,Freelance Annotator (English) - AI Trainer,Toloka Annotators,posted,2026-07-07T00:27:47.686772,50
6e19e6fa5c9a444d,https://de.linkedin.com/jobs/view/technical-program-manager-tpm-at-jobgether-4436080413,Technical Program Manager (TPM),,scraped,2026-07-07T00:27:50.383999,
2f0f605b922dffbd,https://de.linkedin.com/jobs/view/content-marketer-at-jobgether-4435790080,Content Marketer,,scraped,2026-07-07T00:27:56.786109,
fd967ca0fa87aaa3,https://de.linkedin.com/jobs/view/project-manager-intern-at-gulf-associates-4436084639,Project Manager Intern,,scraped,2026-07-07T00:28:03.105530,
cec09c7fd124a0b4,https://de.linkedin.com/jobs/view/growth-product-manager-at-croswiss-4436023839,Growth Product Manager,CROSwiss,posted,2026-07-07T00:28:15.480498,52
5d24dca217dbd6d1,https://de.linkedin.com/jobs/view/senior-product-qa-tester-at-jobgether-4435788181,Senior Product QA Tester,,scraped,2026-07-07T00:28:18.165621,
6f271ce6695a5ffa,https://de.linkedin.com/jobs/view/fp-a-finance-manager-at-macdonald-company-4436088985,FP&A & Finance Manager,,scraped,2026-07-07T00:28:24.619633,
80def4ee41e282af,https://de.linkedin.com/jobs/view/postbote-f%C3%BCr-pakete-und-briefe-m-w-d-salzwedel-at-deutsche-post-und-dhl-4434967342,Postbote für Pakete und Briefe (m/w/d) Salzwedel,,scraped,2026-07-07T00:28:32.359236,
8afd1ebbbc087e7f,https://de.linkedin.com/jobs/view/postbote-f%C3%BCr-pakete-und-briefe-in-schwedt-m-w-d-at-deutsche-post-und-dhl-4437179547,Postbote für Pakete und Briefe in Schwedt (m/w/d),,scraped,2026-07-07T00:28:39.126887,
bf83eda7bc22bb6d,https://de.linkedin.com/jobs/view/postbote-f%C3%BCr-pakete-und-briefe-m-w-d-in-18299-laage-at-deutsche-post-und-dhl-4434959810,Postbote für Pakete und Briefe (m/w/d) in 18299 Laage,,scraped,2026-07-07T00:28:45.680507,
295847e93d64c3de,https://de.linkedin.com/jobs/view/quereinstieg-postbote-f%C3%BCr-pakete-und-briefe-m-w-d-at-deutsche-post-und-dhl-4436754051,Quereinstieg: Postbote für Pakete und Briefe (m/w/d),,scraped,2026-07-07T00:29:56.693030,
6fc357510d6f8090,https://de.linkedin.com/jobs/view/postbote-f%C3%BCr-pakete-und-briefe-m-w-d-in-strasburg-at-deutsche-post-und-dhl-4434963858,Postbote für Pakete und Briefe (m/w/d) in Strasburg,,scraped,2026-07-07T00:31:07.241753,
8ea33d254f02c15e,https://de.linkedin.com/jobs/view/postbote-f%C3%BCr-pakete-und-briefe-in-bad-freienwalde-m-w-d-at-deutsche-post-und-dhl-4437180530,Postbote für Pakete und Briefe in Bad Freienwalde (m/w/d),,scraped,2026-07-07T00:31:13.858137,
7d9aa44a3b720f09,https://de.linkedin.com/jobs/view/postbote-f%C3%BCr-pakete-und-briefe-m-w-d-do-bis-sa-at-deutsche-post-und-dhl-4437402487,Postbote für Pakete und Briefe (m/w/d) Do. bis Sa.,,scraped,2026-07-07T00:31:20.435921,
e89123b95e7611d5,https://de.linkedin.com/jobs/view/postbote-f%C3%BCr-pakete-und-briefe-m-w-d-at-deutsche-post-und-dhl-4436746230,Postbote für Pakete und Briefe (m/w/d),,scraped,2026-07-07T00:32:30.847189,
21e9e3df295ca14f,https://de.linkedin.com/jobs/view/postbote-f%C3%BCr-pakete-und-briefe-m-w-d-at-deutsche-post-und-dhl-4435124408,Postbote für Pakete und Briefe (m/w/d),,scraped,2026-07-07T00:32:37.351578,
b91eb9bfcffbf399,https://de.linkedin.com/jobs/view/postbote-f%C3%BCr-pakete-und-briefe-m-w-d-at-deutsche-post-und-dhl-4435130304,Postbote für Pakete und Briefe (m/w/d),,scraped,2026-07-07T00:32:43.996937,
a177ae09ad068ca0,https://de.linkedin.com/jobs/view/postbote-f%C3%BCr-pakete-und-briefe-m-w-d-at-deutsche-post-und-dhl-4436746231,Postbote für Pakete und Briefe (m/w/d),,scraped,2026-07-07T00:32:50.702765,
dd9b82daf392e992,https://de.linkedin.com/jobs/view/postbote-f%C3%BCr-pakete-und-briefe-m-w-d-do-bis-sa-at-deutsche-post-und-dhl-4437403478,Postbote für Pakete und Briefe (m/w/d) Do. bis Sa.,,scraped,2026-07-07T00:34:01.253491,
823af0d4e22ae21a,https://de.linkedin.com/jobs/view/postbote-f%C3%BCr-pakete-und-briefe-m-w-d-at-deutsche-post-und-dhl-4436357208,Postbote für Pakete und Briefe (m/w/d),,scraped,2026-07-07T00:34:07.758252,
20eb6fcd434106fa,https://de.linkedin.com/jobs/view/postbote-f%C3%BCr-pakete-und-briefe-vollzeit-in-bad-essen-m-w-d-at-deutsche-post-und-dhl-4437180533,Postbote für Pakete und Briefe - Vollzeit in Bad Essen (m/w/d),,scraped,2026-07-07T00:34:14.270150,
f4abf8c06b7b36e6,https://de.linkedin.com/jobs/view/quereinstieg-postbote-f%C3%BCr-pakete-und-briefe-m-w-d-at-deutsche-post-und-dhl-4436746234,Quereinstieg: Postbote für Pakete und Briefe (m/w/d),,scraped,2026-07-07T00:34:20.665603,
a2f299ec6f048481,https://de.linkedin.com/jobs/view/postbote-f%C3%BCr-pakete-und-briefe-m-w-d-at-deutsche-post-und-dhl-4436407665,Postbote für Pakete und Briefe (m/w/d),,scraped,2026-07-07T00:35:31.584069,
f08b1db9dc1aad12,https://de.linkedin.com/jobs/view/postbote-f%C3%BCr-pakete-und-briefe-m-w-d-at-deutsche-post-und-dhl-4436753090,Postbote für Pakete und Briefe (m/w/d),,scraped,2026-07-07T00:35:38.441913,
ddf799e972f9cae4,https://de.linkedin.com/jobs/view/postbote-f%C3%BCr-pakete-und-briefe-m-w-d-munster-at-deutsche-post-und-dhl-4434951907,Postbote für Pakete und Briefe (m/w/d) Munster,,scraped,2026-07-07T00:35:44.923205,
7eb1df0e19a93313,https://de.linkedin.com/jobs/view/postbote-f%C3%BCr-briefe-und-pakete-vollzeit-ab-osnabr%C3%BCck-schinkel-m-w-d-at-deutsche-post-und-dhl-4437179553,Postbote für Briefe und Pakete - Vollzeit ab Osnabrück-Schinkel (m/w/d),,scraped,2026-07-07T00:35:52.294091,
4f488efbeb5c7b9b,https://de.linkedin.com/jobs/view/postbote-f%C3%BCr-pakete-und-briefe-m-w-d-do-bis-sa-at-deutsche-post-und-dhl-4437191919,Postbote für Pakete und Briefe (m/w/d) Do. bis Sa.,,scraped,2026-07-07T00:35:58.926514,
b48800c5942ce5f1,https://de.linkedin.com/jobs/view/postbote-f%C3%BCr-pakete-und-briefe-m-w-d-at-deutsche-post-und-dhl-4437153502,Postbote für Pakete und Briefe (m/w/d),,scraped,2026-07-07T00:36:05.393524,
20ea4e60318ae37d,https://de.linkedin.com/jobs/view/postbote-f%C3%BCr-pakete-und-briefe-m-w-d-in-01683-nossen-at-deutsche-post-und-dhl-4436338997,Postbote für Pakete und Briefe (m/w/d) in 01683 Nossen,,scraped,2026-07-07T00:36:12.330003,
4b848fbe3582b4a8,https://de.linkedin.com/jobs/view/postbote-f%C3%BCr-pakete-und-briefe-m-w-d-in-st-ingbert-at-deutsche-post-und-dhl-4436744252,Postbote für Pakete und Briefe (m/w/d) in St. Ingbert,,scraped,2026-07-07T00:36:18.829937,
f05b99035efdce42,https://de.linkedin.com/jobs/view/postbote-f%C3%BCr-pakete-und-briefe-m-w-d-in-01587-riesa-at-deutsche-post-und-dhl-4436347545,Postbote für Pakete und Briefe (m/w/d) in 01587 Riesa,,scraped,2026-07-07T00:36:25.462182,
95f89ac7f573a1ee,https://de.linkedin.com/jobs/view/postbote-f%C3%BCr-pakete-und-briefe-m-w-d-in-01587-riesa-at-deutsche-post-und-dhl-4436352318,Postbote für Pakete und Briefe (m/w/d) in 01587 Riesa,,scraped,2026-07-07T00:37:35.578951,
eaa3f21d4329aae9,https://de.linkedin.com/jobs/view/paketzusteller-m-w-d-at-deutsche-post-und-dhl-4436746229,Paketzusteller (m/w/d),,scraped,2026-07-07T00:38:45.845591,
5dee60e0420a2d63,https://de.linkedin.com/jobs/view/postbote-f%C3%BCr-pakete-briefe-m-w-d-at-deutsche-post-und-dhl-4435813390,Postbote für Pakete & Briefe (m/w/d),,scraped,2026-07-07T00:38:52.400603,
b2f4003ac38c73d1,https://de.linkedin.com/jobs/view/postbote-f%C3%BCr-pakete-und-briefe-m-w-d-at-deutsche-post-und-dhl-4436735846,Postbote für Pakete und Briefe (m/w/d),,scraped,2026-07-07T00:38:58.956069,
0bf2c698cc07a4b8,https://de.linkedin.com/jobs/view/postbote-f%C3%BCr-pakete-und-briefe-m-w-d-empelde-at-deutsche-post-und-dhl-4436743380,Postbote für Pakete und Briefe (m/w/d) Empelde,,scraped,2026-07-07T00:39:05.518367,
2675f9fc15c5faab,https://de.linkedin.com/jobs/view/postbote-f%C3%BCr-pakete-und-briefe-vollzeit-in-bissendorf-m-w-d-at-deutsche-post-und-dhl-4437177772,Postbote für Pakete und Briefe - Vollzeit in Bissendorf (m/w/d),,scraped,2026-07-07T00:40:16.026181,
b1d6e66bb65a63a5,https://de.linkedin.com/jobs/view/postbote-f%C3%BCr-pakete-und-briefe-m-w-d-at-deutsche-post-und-dhl-4435531659,Postbote für Pakete und Briefe (m/w/d),,scraped,2026-07-07T00:40:22.519504,
d1f077350940f473,https://de.linkedin.com/jobs/view/postbote-f%C3%BCr-briefe-und-pakete-m-w-d-in-zirndorf-at-deutsche-post-und-dhl-4436739581,Postbote für Briefe und Pakete (m/w/d) in Zirndorf,,scraped,2026-07-07T00:41:32.886404,
c9e024ac253455fc,https://de.linkedin.com/jobs/view/jobs-in-frankfurt-at-relexa-hotels-4436257204,Jobs in Frankfurt,relexa hotels,posted,2026-07-07T00:41:47.106011,54
397bf0b00c9ac37b,https://de.linkedin.com/jobs/view/postbote-f%C3%BCr-pakete-und-briefe-m-w-d-at-deutsche-post-und-dhl-4434952878,Postbote für Pakete und Briefe (m/w/d),,scraped,2026-07-07T00:41:49.671646,
cf9a19f20ce8d521,https://de.linkedin.com/jobs/view/postbote-f%C3%BCr-pakete-und-briefe-in-wandlitz-m-w-d-at-deutsche-post-und-dhl-4437188138,Postbote für Pakete und Briefe in Wandlitz (m/w/d),,scraped,2026-07-07T00:43:00.150636,
5bbc72eb89bc9abf,https://de.linkedin.com/jobs/view/postbote-f%C3%BCr-pakete-und-briefe-in-birkenwerder-m-w-d-at-deutsche-post-und-dhl-4435527846,Postbote für Pakete und Briefe in Birkenwerder (m/w/d),,scraped,2026-07-07T00:43:06.617568,
bd3778711a77d7dd,https://de.linkedin.com/jobs/view/postbote-f%C3%BCr-pakete-und-briefe-m-w-d-at-deutsche-post-und-dhl-4435813392,Postbote für Pakete und Briefe (m/w/d),,scraped,2026-07-07T00:44:16.941192,
f74f53681dadaad6,https://de.linkedin.com/jobs/view/postbote-f%C3%BCr-pakete-und-briefe-m-w-d-hannover-st%C3%B6cken-herrenhausen-at-deutsche-post-und-dhl-4436752099,"Postbote für Pakete und Briefe (m/w/d) Hannover (Stöcken, Herrenhausen)",,scraped,2026-07-07T00:44:23.521373,
505be5614da64fff,https://de.linkedin.com/jobs/view/postbote-f%C3%BCr-pakete-und-briefe-in-bernau-m-w-d-at-deutsche-post-und-dhl-4437172918,Postbote für Pakete und Briefe in Bernau (m/w/d),,scraped,2026-07-07T00:44:29.980396,
74ad4e4d47b56fbc,https://de.linkedin.com/jobs/view/zusteller-f%C3%BCr-briefe-und-pakete-in-rees-m-w-d-at-deutsche-post-und-dhl-4436343910,Zusteller für Briefe und Pakete in Rees (m/w/d),,scraped,2026-07-07T00:44:36.497883,
b16aba64b9415300,https://de.linkedin.com/jobs/view/regional-regulatory-affairs-manager-m-f-d-apacmea-at-merz-therapeutics-4436233731,Regional Regulatory Affairs Manager (m/f/d) APACMEA,,scraped,2026-07-07T00:44:43.342050,
026c57c31b316a56,https://de.linkedin.com/jobs/view/k%C3%B6chin-koch-oder-hauswirtschafter-in-m-w-d-at-kreiszeitung-wochenblatt-4436945615,Köchin/Koch oder Hauswirtschafter/in (m/w/d),Kreiszeitung Wochenblatt,posted,2026-07-07T00:45:00.340041,56
391f6a6544a316d1,https://de.linkedin.com/jobs/view/ux-ui-designer-at-bending-spoons-4436013615,UX/UI designer,,scraped,2026-07-07T00:45:02.959089,
1220d4efba4ab2b4,https://de.linkedin.com/jobs/view/produktionsmitarbeiter-in-m-w-d-at-amoena-4436949306,Produktionsmitarbeiter/in (m/w/d),,scraped,2026-07-07T00:45:09.707527,
43f2bcf8053d7580,https://de.linkedin.com/jobs/view/chief-financial-director-at-hays-4437189164,Chief Financial Director,,scraped,2026-07-07T00:45:17.467654,
2f5f337410a6d6ea,https://de.linkedin.com/jobs/view/lease-up-marketing-manager-real-estate-at-jobgether-4436094033,Lease-Up Marketing Manager (Real Estate),,scraped,2026-07-07T00:45:24.728479,
e0a195f36aaa7ee3,https://de.linkedin.com/jobs/view/ceo-at-institute-of-entrepreneurship-4437144490,CEO,,scraped,2026-07-07T00:45:31.360745,
02f90036a472ff41,https://de.linkedin.com/jobs/view/senior-director-sales-m-f-d-at-dsj-global-4437187849,Senior Director Sales (m/f/d),DSJ Global,posted,2026-07-07T00:45:48.871851,58
1e2184b5e9c3ff0c,https://de.linkedin.com/jobs/view/ai-trainer-freelance-data-annotator-at-toloka-annotators-4437174940,AI Trainer - Freelance Data Annotator,Toloka Annotators,posted,2026-07-07T00:45:58.798071,60
588675c6fa531131,https://de.linkedin.com/jobs/view/executive-engagement-lead-office-of-the-cro-at-jobgether-4435764809,"Executive Engagement Lead, Office of the CRO",,scraped,2026-07-07T00:46:01.474099,
879f660af740a981,https://de.linkedin.com/jobs/view/mitglied-im-kilowatt-collective-at-kilowatt-collective-4433173759,Mitglied im Kilowatt Collective,Kilowatt Collective,posted,2026-07-07T00:47:17.915694,62
b2afffeca10a38e8,https://de.linkedin.com/jobs/view/initiativ-bewerben-at-champignon-hofmeister-familienunternehmen-4377166278,Initiativ bewerben,,scraped,2026-07-07T00:47:20.580254,
9834e38e5fec7836,https://de.linkedin.com/jobs/view/waste-watcher%2B-all-genders-at-stadtreinigung-hamburg-4433901441,Waste Watcher+ (all genders),,scraped,2026-07-07T00:48:34.211014,
4214f321b5ed8982,https://de.linkedin.com/jobs/view/aushilfsjob-auf-abrufbasis-postbote-in-r%C3%BCdersdorf-m-w-d-at-deutsche-post-und-dhl-4436414431,Aushilfsjob auf Abrufbasis / Postbote in Rüdersdorf (m/w/d),,scraped,2026-07-07T00:48:41.984137,
0c94a4600c8fb551,https://de.linkedin.com/jobs/view/florist-in-m-w-d-at-gartencenter-brenke-4433129341,Florist:in (m/w/d),,scraped,2026-07-07T00:48:48.853506,
8e9db2cea7e09a21,https://de.linkedin.com/jobs/view/postbote-f%C3%BCr-pakete-und-briefe-m-w-d-at-deutsche-post-und-dhl-4436733910,Postbote für Pakete und Briefe (m/w/d),,scraped,2026-07-07T00:48:55.925800,
8d4ffdde36eadffe,https://de.linkedin.com/jobs/view/m%C3%BCllwerker-innen-at-universit%C3%A4tsstadt-gie%C3%9Fen-4436461837,Müllwerker*innen,Universitätsstadt Gießen,posted,2026-07-07T00:49:09.877784,64
c404f79dc638219c,https://de.linkedin.com/jobs/view/weichenw%C3%A4rter-in-at-deutsche-bahn-4316071611,Weichenwärter:in,,scraped,2026-07-07T00:49:12.554093,
021e9b94e1e0fff6,https://de.linkedin.com/jobs/view/housekeeper-homewood-suites-by-hilton-daytona-beach-speeway-airport-at-salus-altmark-holding-4435783034,Housekeeper| Homewood Suites by Hilton Daytona Beach Speeway-Airport,,scraped,2026-07-07T00:50:24.156081,
72475c25985d0001,https://de.linkedin.com/jobs/view/facility-cleaner-m-f-d-at-natus-gmbh-co-kg-4435877556,Facility cleaner (m/f/d),,scraped,2026-07-07T00:50:31.037892,
81727f21628835b1,https://de.linkedin.com/jobs/view/intern-local-service-desk-at-delivery-hero-4436094026,"Intern, Local Service Desk",Delivery Hero SE,posted,2026-07-07T00:50:49.770118,66
a8564bb18780e3bb,https://de.linkedin.com/jobs/view/commis-de-cuisine-jungkoch-m-w-d-at-revo-hospitality-group-4437494052,Commis de Cuisine / Jungkoch (m/w/d),,scraped,2026-07-07T00:50:52.321381,
0da74ff44b465665,https://de.linkedin.com/jobs/view/music-expert-fully-remote-upto-%2465-hr-part-time-at-mercor-4436930316,Music Expert - Fully Remote | Upto $65/hr Part-time,Mercor,posted,2026-07-07T00:51:04.501906,68
181a13301c811b1a,https://de.linkedin.com/jobs/view/people-operations-manager-at-andercore-4436212388,People Operations Manager,,scraped,2026-07-07T00:51:07.107671,
9be6368dca4c9ea7,https://de.linkedin.com/jobs/view/doktorand-in-m-w-d-f%C3%BCr-die-arbeitsgruppe-bioimaging-at-leibniz-association-4437414074,Doktorand:in (m/w/d) für die Arbeitsgruppe Bioimaging,,scraped,2026-07-07T00:51:13.991117,
b3207a409e260688,https://de.linkedin.com/jobs/view/manager-performance-marketing-sea-m-w-d-at-marc-o-polo-se-4436083466,Manager Performance Marketing SEA m/w/d,,scraped,2026-07-07T00:51:21.536699,
1e98035bb7441f5a,https://de.linkedin.com/jobs/view/vertriebsleiter-m-w-d-at-schmetterling-international-gmbh-co-kg-4436983934,Vertriebsleiter (m/w/d),,scraped,2026-07-07T00:52:32.008256,
09d39057597969ba,https://de.linkedin.com/jobs/view/kita-johannes-lau-hof-vahrenwald-at-awo-region-hannover-e-v-4436943884,KITA JOHANNES-LAU-HOF (VAHRENWALD),AWO Region Hannover e.V.,posted,2026-07-07T00:52:50.347598,70
2ce978a17d8d794f,https://de.linkedin.com/jobs/view/online-spanish-tutor-%E2%80%93-no-experience-needed-at-nachhilfeunterricht-4435546648,Online Spanish Tutor – No Experience Needed,Nachhilfeunterricht,posted,2026-07-07T00:52:58.029807,72
3ffee12e3d55fa44,https://de.linkedin.com/jobs/view/project-manager-project-management-officer-pmo-at-reduceco2now-4437401923,Project Manager / Project Management Officer PMO,,scraped,2026-07-07T00:53:00.679001,
3da2c827149961a9,https://de.linkedin.com/jobs/view/pricing-specialist-f-m-d-at-forto-4436935137,Pricing Specialist (f/m/d),,scraped,2026-07-07T00:54:11.371554,
3a977f00a400e768,https://de.linkedin.com/jobs/view/mechanical-engineer-technical-services-internship-m-f-d-gigafactory-berlin-brandenburg-at-tesla-4437115633,Mechanical Engineer Technical Services Internship (m/f/d) - Gigafactory Berlin-Brandenburg,Tesla,posted,2026-07-07T00:54:26.210217,74
d5aba86eb6ce47f7,https://de.linkedin.com/jobs/view/compliance-and-aml-officer-at-centre-people-appointments-4437172199,Compliance and AML Officer,,scraped,2026-07-07T00:54:28.986806,
4d67746b1bf8c3eb,https://de.linkedin.com/jobs/view/product-owner-f-m-d-at-sunday-4437199406,Product Owner (f/m/d),,scraped,2026-07-07T00:54:36.634597,
07ff12878c70e227,https://de.linkedin.com/jobs/view/logistikkoordinator-m-w-d-at-gro%C3%9Fe-vehne-speditions-gmbh-4436987741,Logistikkoordinator (m/w/d),Große-Vehne Speditions GmbH,posted,2026-07-07T00:55:54.560750,76
3cac2c942235b83d,https://de.linkedin.com/jobs/view/mitarbeiter-logistik-m-w-d-at-s%C3%BCdwest-lacke-%2B-farben-gmbh-co-kg-4436944396,Mitarbeiter Logistik (m/w/d),,scraped,2026-07-07T00:55:57.396320,
08bff3de4b773fdd,https://de.linkedin.com/jobs/view/sales-development-representative-uk-benelux-nordics-remote-utc%2B0-to-utc%2B3-at-admetrics-4437179154,"Sales Development Representative (UK, Benelux & Nordics) (Remote | UTC+0 to UTC+3)",,scraped,2026-07-07T00:56:05.469690,
3fda038bb40f2dec,https://de.linkedin.com/jobs/view/project-manager-energy-data-infrastructure-at-the-resolute-group-ltd-4435103787,Project Manager - Energy & Data Infrastructure,,scraped,2026-07-07T00:56:12.048635,
b6da0a7cf652975d,https://de.linkedin.com/jobs/view/sales-manager-m-w-d-at-prognum-automotive-gmbh-4437457546,Sales Manager (m/w/d),,scraped,2026-07-07T00:56:23.147173,
c475cdab764472f2,https://de.linkedin.com/jobs/view/key-account-manager-w-m-d-remote-berlin-at-packmatic-4436987143,Key Account Manager (w/m/d) - remote / Berlin,,scraped,2026-07-07T00:56:31.549351,
5aaa09ce538e1b4a,https://de.linkedin.com/jobs/view/produktionsmitarbeiter-m-w-d-at-prochem-gmbh-4435780516,Produktionsmitarbeiter (m/w/d),,scraped,2026-07-07T00:57:41.685236,
699db0656445de24,https://de.linkedin.com/jobs/view/operational-excellence-manager-m-w-d-at-sanner-group-4433995009,Operational Excellence Manager (m/w/d),,scraped,2026-07-07T00:58:52.130595,
0d6fc625918631b0,https://de.linkedin.com/jobs/view/postdoc-in-immunology-m-f-d-at-universit%C3%A4tsklinikum-erlangen-4436007991,PostDoc in Immunology (m/f/d),,scraped,2026-07-07T00:58:59.481443,
4bbe2ffce4d43d6d,https://de.linkedin.com/jobs/view/junior-recruiter-m-w-d-at-excellence-ag-it-b-v-4436936000,Junior Recruiter (m/w/d),,scraped,2026-07-07T01:00:10.827634,
9751003eb52419f7,https://de.linkedin.com/jobs/view/aerospace-engineer-at-tintschl-unternehmensgruppe-4437186164,Aerospace Engineer,,scraped,2026-07-07T01:00:17.780631,
824618e208b7939c,https://de.linkedin.com/jobs/view/associate-leveraged-finance-portfolio-management-at-capital-markets-recruitment-4437439121,"Associate, Leveraged Finance (Portfolio Management)",,scraped,2026-07-07T01:00:25.095720,
58c18aafe32a0c52,https://de.linkedin.com/jobs/view/innenarchitekt-k%C3%BCchen-m-w-d-at-m%C3%B6bel-ehrmann-4436979116,Innenarchitekt - Küchen (m/w/d),,scraped,2026-07-07T01:00:32.279848,
25825cb70938cb24,https://de.linkedin.com/jobs/view/supplier-quality-engineer-at-naxcon-group-4437165196,Supplier Quality Engineer,,scraped,2026-07-07T01:00:39.821189,
060dc571f8b68566,https://de.linkedin.com/jobs/view/student-in-%E2%80%93-k%C3%BCchenhilfe-gastronomie-at-studentpartout-4436046529,Student*in – Küchenhilfe - Gastronomie,,scraped,2026-07-07T01:00:47.873585,
66ef70bffc6a7d09,https://de.linkedin.com/jobs/view/produktionsmitarbeiter-m-w-d-at-prochem-gmbh-4435784374,Produktionsmitarbeiter (m/w/d),,scraped,2026-07-07T01:00:55.198707,
5b2bb6f5ad3f57d8,https://de.linkedin.com/jobs/view/revierfahrer-m-w-d-%E2%80%93-quereinsteiger-willkommen%21-at-eduvia-bildungsakademie-gmbh-4431590239,Revierfahrer (m/w/d) – Quereinsteiger willkommen!,EDUVIA Bildungsakademie GmbH,posted,2026-07-07T01:02:14.537371,78
14468c26eed04efc,https://de.linkedin.com/jobs/view/paketzusteller-m-w-d-in-spandau-at-deutsche-post-und-dhl-4436749172,Paketzusteller (m/w/d) in Spandau,,scraped,2026-07-07T01:02:17.170560,
b163938ba31b82bc,https://de.linkedin.com/jobs/view/kaufhausdetektiv-m-w-d-%E2%80%93-quereinsteiger-willkommen-at-eduvia-bildungsakademie-gmbh-4431559821,Kaufhausdetektiv (m/w/d) – Quereinsteiger willkommen,EDUVIA Bildungsakademie GmbH,posted,2026-07-07T01:02:31.709948,80
6450e6ad29bf9710,https://de.linkedin.com/jobs/view/geld-und-werttransport-m-w-d-%E2%80%93-quereinsteiger-willkommen-at-eduvia-bildungsakademie-gmbh-4431574547,Geld und Werttransport (m/w/d) – Quereinsteiger willkommen,EDUVIA Bildungsakademie GmbH,posted,2026-07-07T01:02:42.975187,82
8231a43c2db46970,https://de.linkedin.com/jobs/view/postbote-f%C3%BCr-pakete-und-briefe-m-w-d-minijob-aushilfe-abrufkraft-at-deutsche-post-und-dhl-4436742456,Postbote für Pakete und Briefe (m/w/d) / Minijob/Aushilfe/Abrufkraft,,scraped,2026-07-07T01:02:45.656481,
99d59d94dd92bf73,https://de.linkedin.com/jobs/view/kaufhausdetektiv-m-w-d-%E2%80%93-quereinsteiger-willkommen-at-eduvia-bildungsakademie-gmbh-4431574552,Kaufhausdetektiv (m/w/d) – Quereinsteiger willkommen,EDUVIA Bildungsakademie GmbH,posted,2026-07-07T01:03:59.612081,80
e6989df5c14a6046,https://de.linkedin.com/jobs/view/geld-und-werttransport-m-w-d-%E2%80%93-quereinsteiger-willkommen-at-eduvia-bildungsakademie-gmbh-4431555881,Geld und Werttransport (m/w/d) – Quereinsteiger willkommen,EDUVIA Bildungsakademie GmbH,posted,2026-07-07T01:04:06.069225,82
f3f418335b017b0a,https://de.linkedin.com/jobs/view/kaufhausdetektiv-m-w-d-%E2%80%93-quereinsteiger-willkommen-at-eduvia-bildungsakademie-gmbh-4431559825,Kaufhausdetektiv (m/w/d) – Quereinsteiger willkommen,EDUVIA Bildungsakademie GmbH,posted,2026-07-07T01:05:15.958447,80
68e8c9e22cecd003,https://de.linkedin.com/jobs/view/geld-und-werttransport-m-w-d-%E2%80%93-quereinsteiger-willkommen-at-eduvia-bildungsakademie-gmbh-4431565718,Geld und Werttransport (m/w/d) – Quereinsteiger willkommen,EDUVIA Bildungsakademie GmbH,posted,2026-07-07T01:06:25.870119,82
a7500ececd851cb3,https://de.linkedin.com/jobs/view/geld-und-werttransport-m-w-d-%E2%80%93-quereinsteiger-willkommen-at-eduvia-bildungsakademie-gmbh-4431558794,Geld und Werttransport (m/w/d) – Quereinsteiger willkommen,EDUVIA Bildungsakademie GmbH,posted,2026-07-07T01:07:35.792454,82
0eccc909bc767467,https://de.linkedin.com/jobs/view/kaufhausdetektiv-m-w-d-%E2%80%93-quereinsteiger-willkommen-at-eduvia-bildungsakademie-gmbh-4431562768,Kaufhausdetektiv (m/w/d) – Quereinsteiger willkommen,EDUVIA Bildungsakademie GmbH,posted,2026-07-07T01:07:42.193386,80
a808ab9a40138d25,https://de.linkedin.com/jobs/view/geld-und-werttransport-m-w-d-%E2%80%93-quereinsteiger-willkommen-at-eduvia-bildungsakademie-gmbh-4431568635,Geld und Werttransport (m/w/d) – Quereinsteiger willkommen,EDUVIA Bildungsakademie GmbH,posted,2026-07-07T01:07:48.514955,82
a48f9cdfe51b50c5,https://de.linkedin.com/jobs/view/geld-und-werttransport-m-w-d-%E2%80%93-quereinsteiger-willkommen-at-eduvia-bildungsakademie-gmbh-4431574541,Geld und Werttransport (m/w/d) – Quereinsteiger willkommen,EDUVIA Bildungsakademie GmbH,posted,2026-07-07T01:07:54.830768,82
f86a8b3a29b5de3f,https://de.linkedin.com/jobs/view/revierfahrer-m-w-d-%E2%80%93-quereinsteiger-willkommen%21-at-eduvia-bildungsakademie-gmbh-4431593174,Revierfahrer (m/w/d) – Quereinsteiger willkommen!,EDUVIA Bildungsakademie GmbH,posted,2026-07-07T01:08:00.823884,78
459da378b543a462,https://de.linkedin.com/jobs/view/kaufhausdetektiv-m-w-d-%E2%80%93-quereinsteiger-willkommen-at-eduvia-bildungsakademie-gmbh-4431577010,Kaufhausdetektiv (m/w/d) – Quereinsteiger willkommen,EDUVIA Bildungsakademie GmbH,posted,2026-07-07T01:09:10.843483,80
26aed6a8167b4395,https://de.linkedin.com/jobs/view/revierfahrer-m-w-d-%E2%80%93-quereinsteiger-willkommen%21-at-eduvia-bildungsakademie-gmbh-4431592014,Revierfahrer (m/w/d) – Quereinsteiger willkommen!,EDUVIA Bildungsakademie GmbH,posted,2026-07-07T01:09:17.218182,78
194c0f498d4271bc,https://de.linkedin.com/jobs/view/paketzusteller-m-w-d-in-r%C3%BCdersdorf-at-deutsche-post-und-dhl-4436494571,Paketzusteller (m/w/d) in Rüdersdorf,,scraped,2026-07-07T01:09:19.780819,
840fd480bfb0c203,https://de.linkedin.com/jobs/view/revierfahrer-m-w-d-%E2%80%93-quereinsteiger-willkommen%21-at-eduvia-bildungsakademie-gmbh-4431591018,Revierfahrer (m/w/d) – Quereinsteiger willkommen!,EDUVIA Bildungsakademie GmbH,posted,2026-07-07T01:09:30.473690,78
44074dd4c870c581,https://de.linkedin.com/jobs/view/geld-und-werttransport-m-w-d-%E2%80%93-quereinsteiger-willkommen-at-eduvia-bildungsakademie-gmbh-4431560766,Geld und Werttransport (m/w/d) – Quereinsteiger willkommen,EDUVIA Bildungsakademie GmbH,posted,2026-07-07T01:09:36.718629,82
f2ca98b81631a289,https://de.linkedin.com/jobs/view/zusteller-f%C3%BCr-briefe-und-pakete-in-alpen-sonsbeck-m-w-d-at-deutsche-post-und-dhl-4436348556,Zusteller für Briefe und Pakete in Alpen/Sonsbeck (m/w/d),,scraped,2026-07-07T01:09:39.330661,
1167ca0d0d18d2a7,https://de.linkedin.com/jobs/view/kaufhausdetektiv-m-w-d-%E2%80%93-quereinsteiger-willkommen-at-eduvia-bildungsakademie-gmbh-4431573539,Kaufhausdetektiv (m/w/d) – Quereinsteiger willkommen,EDUVIA Bildungsakademie GmbH,posted,2026-07-07T01:09:50.066044,80
c36dd8db01053258,https://de.linkedin.com/jobs/view/geld-und-werttransport-m-w-d-%E2%80%93-quereinsteiger-willkommen-at-eduvia-bildungsakademie-gmbh-4431561752,Geld und Werttransport (m/w/d) – Quereinsteiger willkommen,EDUVIA Bildungsakademie GmbH,posted,2026-07-07T01:11:00.112797,82
716d15f89e341777,https://de.linkedin.com/jobs/view/kaufhausdetektiv-m-w-d-%E2%80%93-quereinsteiger-willkommen-at-eduvia-bildungsakademie-gmbh-4431569607,Kaufhausdetektiv (m/w/d) – Quereinsteiger willkommen,EDUVIA Bildungsakademie GmbH,posted,2026-07-07T01:11:06.661597,80
b2512b8c9d501ff8,https://de.linkedin.com/jobs/view/geld-und-werttransport-m-w-d-%E2%80%93-quereinsteiger-willkommen-at-eduvia-bildungsakademie-gmbh-4431575034,Geld und Werttransport (m/w/d) – Quereinsteiger willkommen,EDUVIA Bildungsakademie GmbH,posted,2026-07-07T01:11:12.725780,82
62c4114a2f5f81c4,https://de.linkedin.com/jobs/view/revierfahrer-m-w-d-%E2%80%93-quereinsteiger-willkommen%21-at-eduvia-bildungsakademie-gmbh-4431585278,Revierfahrer (m/w/d) – Quereinsteiger willkommen!,EDUVIA Bildungsakademie GmbH,posted,2026-07-07T01:12:22.767417,78
8634308e946c37ec,https://de.linkedin.com/jobs/view/geld-und-werttransport-m-w-d-%E2%80%93-quereinsteiger-willkommen-at-eduvia-bildungsakademie-gmbh-4431572670,Geld und Werttransport (m/w/d) – Quereinsteiger willkommen,EDUVIA Bildungsakademie GmbH,posted,2026-07-07T01:13:32.780974,82
e6b8b85d9446f47b,https://de.linkedin.com/jobs/view/revierfahrer-m-w-d-%E2%80%93-quereinsteiger-willkommen%21-at-eduvia-bildungsakademie-gmbh-4431597044,Revierfahrer (m/w/d) – Quereinsteiger willkommen!,EDUVIA Bildungsakademie GmbH,posted,2026-07-07T01:14:43.059755,78
4ad9af74da7cab8c,https://de.linkedin.com/jobs/view/revierfahrer-m-w-d-%E2%80%93-quereinsteiger-willkommen%21-at-eduvia-bildungsakademie-gmbh-4431578458,Revierfahrer (m/w/d) – Quereinsteiger willkommen!,EDUVIA Bildungsakademie GmbH,posted,2026-07-07T01:14:49.368343,78
8ee910623733c1f9,https://de.linkedin.com/jobs/view/kaufhausdetektiv-m-w-d-%E2%80%93-quereinsteiger-willkommen-at-eduvia-bildungsakademie-gmbh-4431559820,Kaufhausdetektiv (m/w/d) – Quereinsteiger willkommen,EDUVIA Bildungsakademie GmbH,posted,2026-07-07T01:14:55.762581,80
a31188784aa2abed,https://de.linkedin.com/jobs/view/revierfahrer-m-w-d-%E2%80%93-quereinsteiger-willkommen%21-at-eduvia-bildungsakademie-gmbh-4431583317,Revierfahrer (m/w/d) – Quereinsteiger willkommen!,EDUVIA Bildungsakademie GmbH,posted,2026-07-07T01:15:02.491083,78
94ac5149205b8ca8,https://de.linkedin.com/jobs/view/revierfahrer-m-w-d-%E2%80%93-quereinsteiger-willkommen%21-at-eduvia-bildungsakademie-gmbh-4431590242,Revierfahrer (m/w/d) – Quereinsteiger willkommen!,EDUVIA Bildungsakademie GmbH,posted,2026-07-07T01:15:08.516991,78
c04f1dea02cd9c77,https://de.linkedin.com/jobs/view/geld-und-werttransport-m-w-d-%E2%80%93-quereinsteiger-willkommen-at-eduvia-bildungsakademie-gmbh-4431567677,Geld und Werttransport (m/w/d) – Quereinsteiger willkommen,EDUVIA Bildungsakademie GmbH,posted,2026-07-07T01:15:14.730861,82
25d34e85637de3b3,https://de.linkedin.com/jobs/view/kaufhausdetektiv-m-w-d-%E2%80%93-quereinsteiger-willkommen-at-eduvia-bildungsakademie-gmbh-4431570672,Kaufhausdetektiv (m/w/d) – Quereinsteiger willkommen,EDUVIA Bildungsakademie GmbH,posted,2026-07-07T01:15:21.104654,80
4b8073ee4e056924,https://de.linkedin.com/jobs/view/kaufhausdetektiv-m-w-d-%E2%80%93-quereinsteiger-willkommen-at-eduvia-bildungsakademie-gmbh-4431577005,Kaufhausdetektiv (m/w/d) – Quereinsteiger willkommen,EDUVIA Bildungsakademie GmbH,posted,2026-07-07T01:15:27.348267,80
6893ece030e6027b,https://de.linkedin.com/jobs/view/kaufhausdetektiv-m-w-d-%E2%80%93-quereinsteiger-willkommen-at-eduvia-bildungsakademie-gmbh-4431554948,Kaufhausdetektiv (m/w/d) – Quereinsteiger willkommen,EDUVIA Bildungsakademie GmbH,scraped,2026-07-07T01:15:32.835796,
cc19cf45e78ab70e,https://de.linkedin.com/jobs/view/geld-und-werttransport-m-w-d-%E2%80%93-quereinsteiger-willkommen-at-eduvia-bildungsakademie-gmbh-4431555880,Geld und Werttransport (m/w/d) – Quereinsteiger willkommen,EDUVIA Bildungsakademie GmbH,posted,2026-07-07T01:16:42.959900,82
f3c92e709ee1db19,https://de.linkedin.com/jobs/view/revierfahrer-m-w-d-%E2%80%93-quereinsteiger-willkommen%21-at-eduvia-bildungsakademie-gmbh-4431596093,Revierfahrer (m/w/d) – Quereinsteiger willkommen!,EDUVIA Bildungsakademie GmbH,posted,2026-07-07T01:17:53.765865,78
20330ccc2ee36acf,https://de.linkedin.com/jobs/view/paketzusteller-paketbote-m-w-d-at-deutsche-post-und-dhl-4437151576,Paketzusteller / Paketbote (m/w/d),,scraped,2026-07-07T01:17:56.318775,
3583d9d88fcd5f05,https://de.linkedin.com/jobs/view/revierfahrer-m-w-d-%E2%80%93-quereinsteiger-willkommen%21-at-eduvia-bildungsakademie-gmbh-4431576540,Revierfahrer (m/w/d) – Quereinsteiger willkommen!,EDUVIA Bildungsakademie GmbH,posted,2026-07-07T01:19:10.509531,78
b7c1801dbe13fa54,https://de.linkedin.com/jobs/view/weichenw%C3%A4rter-in-at-deutsche-bahn-4346152530,Weichenwärter:in,,scraped,2026-07-07T01:19:13.095468,
1f9d5bc42f26a14b,https://de.linkedin.com/jobs/view/geld-und-werttransport-m-w-d-%E2%80%93-quereinsteiger-willkommen-at-eduvia-bildungsakademie-gmbh-4431559815,Geld und Werttransport (m/w/d) – Quereinsteiger willkommen,EDUVIA Bildungsakademie GmbH,posted,2026-07-07T01:20:29.004627,82
a3b567dc9b346329,https://de.linkedin.com/jobs/view/geld-und-werttransport-m-w-d-%E2%80%93-quereinsteiger-willkommen-at-eduvia-bildungsakademie-gmbh-4431560771,Geld und Werttransport (m/w/d) – Quereinsteiger willkommen,EDUVIA Bildungsakademie GmbH,scraped,2026-07-07T01:20:34.657492,
635e525b119cbffe,https://de.linkedin.com/jobs/view/geld-und-werttransport-m-w-d-%E2%80%93-quereinsteiger-willkommen-at-eduvia-bildungsakademie-gmbh-4431555879,Geld und Werttransport (m/w/d) – Quereinsteiger willkommen,EDUVIA Bildungsakademie GmbH,scraped,2026-07-07T01:20:40.045825,
425e1c02b96691dc,https://de.linkedin.com/jobs/view/geld-und-werttransport-m-w-d-%E2%80%93-quereinsteiger-willkommen-at-eduvia-bildungsakademie-gmbh-4431574543,Geld und Werttransport (m/w/d) – Quereinsteiger willkommen,EDUVIA Bildungsakademie GmbH,scraped,2026-07-07T01:20:45.547510,
acf6534df60f73e2,https://de.linkedin.com/jobs/view/geld-und-werttransport-m-w-d-%E2%80%93-quereinsteiger-willkommen-at-eduvia-bildungsakademie-gmbh-4431571634,Geld und Werttransport (m/w/d) – Quereinsteiger willkommen,EDUVIA Bildungsakademie GmbH,scraped,2026-07-07T01:20:51.194063,
f2734dc67a1855a3,https://de.linkedin.com/jobs/view/geld-und-werttransport-m-w-d-%E2%80%93-quereinsteiger-willkommen-at-eduvia-bildungsakademie-gmbh-4431577004,Geld und Werttransport (m/w/d) – Quereinsteiger willkommen,EDUVIA Bildungsakademie GmbH,scraped,2026-07-07T01:20:56.721687,
ff39af0002dff6a9,https://de.linkedin.com/jobs/view/geld-und-werttransport-m-w-d-%E2%80%93-quereinsteiger-willkommen-at-eduvia-bildungsakademie-gmbh-4431569605,Geld und Werttransport (m/w/d) – Quereinsteiger willkommen,EDUVIA Bildungsakademie GmbH,scraped,2026-07-07T01:21:02.154300,
efb5748b053072bb,https://de.linkedin.com/jobs/view/kaufhausdetektiv-m-w-d-%E2%80%93-quereinsteiger-willkommen-at-eduvia-bildungsakademie-gmbh-4431559823,Kaufhausdetektiv (m/w/d) – Quereinsteiger willkommen,EDUVIA Bildungsakademie GmbH,posted,2026-07-07T01:21:08.783775,80
cdf92d9a08871278,https://de.linkedin.com/jobs/view/kaufhausdetektiv-m-w-d-%E2%80%93-quereinsteiger-willkommen-at-eduvia-bildungsakademie-gmbh-4431574555,Kaufhausdetektiv (m/w/d) – Quereinsteiger willkommen,EDUVIA Bildungsakademie GmbH,scraped,2026-07-07T01:22:17.873071,
76e2183ab61ecf66,https://de.linkedin.com/jobs/view/kaufhausdetektiv-m-w-d-%E2%80%93-quereinsteiger-willkommen-at-eduvia-bildungsakademie-gmbh-4431556909,Kaufhausdetektiv (m/w/d) – Quereinsteiger willkommen,EDUVIA Bildungsakademie GmbH,scraped,2026-07-07T01:22:23.497754,
bb252494973902ca,https://de.linkedin.com/jobs/view/projektmanager-klimaschutz-konzeptionierung-m-w-d-at-diakoniewert-diakonische-behindertenhilfe-bad-salzungen-schmalkalden-e-v-4436908978,Projektmanager Klimaschutz - Konzeptionierung (m/w/d),,scraped,2026-07-07T01:22:26.489261,
27867c47da22fa32,https://de.linkedin.com/jobs/view/wissenschaftliche-museumsassistenz-in-fortbildung-w-d-m-at-stiftung-preu%C3%9Fischer-kulturbesitz-4437438860,Wissenschaftliche Museumsassistenz in Fortbildung (w/d/m),,scraped,2026-07-07T01:22:39.398713,
954220b270c70b2a,https://de.linkedin.com/jobs/view/client-delivery-lead-f-m-d-at-kraken-4437150970,Client Delivery Lead (f/m/d),,scraped,2026-07-07T01:23:51.780758,
1bf363cb426ee7b7,https://de.linkedin.com/jobs/view/gr%C3%BCndungsberaterin-gr%C3%BCndungsberater-m-w-d-at-ludwig-maximilians-universit%C3%A4t-m%C3%BCnchen-4437448458,Gründungsberaterin / Gründungsberater (m/w/d),Ludwig-Maximilians-Universität München,posted,2026-07-07T01:24:09.029571,84
055869b180ea030e,https://de.linkedin.com/jobs/view/software-project-manager-at-avendata-4437123231,Software Project Manager,,scraped,2026-07-07T01:24:11.663342,
ac35ab372efc9d9e,https://de.linkedin.com/jobs/view/director-of-business-development-at-cactus-search-4436093178,Director of Business Development,,scraped,2026-07-07T01:24:20.729091,
cf7d4bbb454bd489,https://de.linkedin.com/jobs/view/projektmanager-event-m-w-d-at-kollektiv-k-gmbh-4436227383,Projektmanager Event (m/w/d),,scraped,2026-07-07T01:24:28.380338,
ab15c5923b8759ed,https://de.linkedin.com/jobs/view/operator-w-m-d-at-vibalogics-4433982619,Operator (w/m/d),,scraped,2026-07-07T01:25:40.631453,
9ddcdf5cc8556d0f,https://de.linkedin.com/jobs/view/projektingenieur-prozessingenieur-betriebsingenieur-m-w-d-at-sinnack-backspezialit%C3%A4ten-gmbh-co-kg-4433988276,Projektingenieur / Prozessingenieur / Betriebsingenieur (m/w/d),,scraped,2026-07-07T01:25:47.131596,
73f64871dd469124,https://de.linkedin.com/jobs/view/project-surveyor-%E2%80%93-industrial-logistics-construction-at-cornerstone-global-partners-cgp-group-4436950396,Project Surveyor – Industrial & Logistics Construction,Cornerstone Global Partners (CGP Group),posted,2026-07-07T01:27:08.831767,86
6ac18a84c0459184,https://de.linkedin.com/jobs/view/cadmatic-konstrukteur-schiffbauliche-ausr%C3%BCstung-m-w-d-at-endigo-gmbh-4435770377,Cadmatic - Konstrukteur schiffbauliche Ausrüstung (m/w/d),,scraped,2026-07-07T01:27:11.717877,
c4866988ded011f8,https://de.linkedin.com/jobs/view/senior-it-administrator-m-w-d-at-ninfra-it-solutions-4437162685,Senior IT-Administrator (m/w/d),,scraped,2026-07-07T01:28:23.899403,
881511543fd0c232,https://de.linkedin.com/jobs/view/ai-internship-working-student-at-resaro-4436211618,AI Internship / Working Student,,scraped,2026-07-07T01:28:31.199979,
a23916d24b4b50e8,https://de.linkedin.com/jobs/view/junior-recruiter-m-w-d-at-excellence-ag-it-b-v-4436934030,Junior Recruiter (m/w/d),,scraped,2026-07-07T01:28:42.376819,
eb6d9e99e260731d,https://de.linkedin.com/jobs/view/social-media-manager-mensch-at-werbeagentur-wisch4web-4437473973,Social Media Manager(Mensch),,scraped,2026-07-07T01:28:49.612234,
7775fb05f300ef8d,https://de.linkedin.com/jobs/view/wissenschaftliche-r-mitarbeiter-in-doktorand-in-m-w-d-schwerpunkt-industrieprojekte-at-fau-erlangen-n%C3%BCrnberg-4433992804,Wissenschaftliche*r Mitarbeiter*in / Doktorand*in (m/w/d) Schwerpunkt Industrieprojekte,FAU Erlangen-Nürnberg,posted,2026-07-07T01:30:10.253216,88
d15f56ba5c60ca01,https://de.linkedin.com/jobs/view/principal-%E2%80%93-energy-infrastructure-consulting-at-cgs-4436077308,Principal – Energy & Infrastructure Consulting,,scraped,2026-07-07T01:30:12.861076,
c18daeff8d5534a9,https://de.linkedin.com/jobs/view/metadatenmanager-in-m-w-d-x-at-leipzig-university-4437448460,Metadatenmanager/-in (m/w/d/x),Universität Leipzig,posted,2026-07-07T01:30:29.268663,90
2d5cb6085c90512e,https://de.linkedin.com/jobs/view/ausbildung-koch-k%C3%B6chin-m-w-d-at-inn-tegrativ-ggmbh-4433975561,Ausbildung Koch / Köchin (m/w/d),,scraped,2026-07-07T01:30:31.974094,
5c6bf8037b809496,https://de.linkedin.com/jobs/view/data-engineer-befristet-at-enercity-4436018118,Data Engineer (befristet),,scraped,2026-07-07T01:30:39.136769,
304814b080dcca64,https://de.linkedin.com/jobs/view/dol-tap-lead-employment-navigator-kaiserslautern-germany-at-serco-4435847639,"DOL TAP Lead Employment Navigator - Kaiserslautern, Germany",Serco,posted,2026-07-07T01:30:57.254093,92
c4ad478ae7356509,https://de.linkedin.com/jobs/view/bauhelfer-at-albatros-parkett-4433923199,Bauhelfer,,scraped,2026-07-07T01:30:59.827557,
9516047258d0e3f5,https://de.linkedin.com/jobs/view/plant-care-manager-at-hydro-b%C3%B6ttle-gmbh-4433130050,Plant Care Manager,,scraped,2026-07-07T01:31:06.564074,
28b09291d9176669,https://de.linkedin.com/jobs/view/operator-in-rust-at-mr-jobfinder-4435053126,Operator in Rust,,scraped,2026-07-07T01:31:15.160096,
f444cf36a7c0cd0f,https://de.linkedin.com/jobs/view/schulbegleitung-w-m-d-at-stiftung-st-franziskus-4436044596,Schulbegleitung (w/m/d),,scraped,2026-07-07T01:31:22.881601,
8925374f1d796a05,https://de.linkedin.com/jobs/view/curriculum-developer-2-hour-learning-remote-%2460-000-year-usd-at-crossover-4434609021,"Curriculum Developer, 2 Hour Learning (Remote) - $60,000/year USD",,scraped,2026-07-07T01:31:30.740133,
f5eaefc6e17c18ba,https://de.linkedin.com/jobs/view/jobs-in-m%C3%BCnchen-at-relexa-hotels-4436260112,Jobs in München,,scraped,2026-07-07T01:31:52.382839,
1797044cee08b3eb,https://de.linkedin.com/jobs/view/mitarbeit-im-einsatztrainingszentrum-als-etz-wart-in-hallen-und-waffenwart-in-at-zoll-4432338274,Mitarbeit im Einsatztrainingszentrum als ETZ-Wart/-in (Hallen- und Waffenwart/-in),,scraped,2026-07-07T01:32:12.117839,
f8999f91d048fa9a,https://de.linkedin.com/jobs/view/teigmacher-m-w-d-at-tr%C3%B6lsch-gmbh-4431562835,Teigmacher (m/w/d),,scraped,2026-07-07T01:32:20.936980,
8384d34d72a7349d,https://de.linkedin.com/jobs/view/sicherungsposten-baustellensicherung-w-m-d-at-deutsche-bahn-4427911029,Sicherungsposten Baustellensicherung (w/m/d),,scraped,2026-07-07T01:32:28.244534,
3344ef76e4d31b62,https://de.linkedin.com/jobs/view/kita-moorlilienweg-langenhagen-at-awo-region-hannover-e-v-4436947854,KITA MOORLILIENWEG (LANGENHAGEN),,scraped,2026-07-07T01:32:36.296687,
a11daaea1ac5faef,https://de.linkedin.com/jobs/view/jobs-in-stuttgart-at-relexa-hotels-4436261089,Jobs in Stuttgart,,scraped,2026-07-07T01:32:45.785500,
948af21b115d611e,https://de.linkedin.com/jobs/view/senior-frontend-engineer-design-system-at-jobgether-4436218554,Senior Frontend Engineer - Design System,,scraped,2026-07-07T01:32:54.315731,
84ba0c4dd93ae26d,https://de.linkedin.com/jobs/view/disponent-at-witsped-logistik-gmbh-4437113414,Disponent,,scraped,2026-07-07T01:33:01.063628,
44f1dec74e27706a,https://de.linkedin.com/jobs/view/business-coordinator-volunteer-at-inforoc-community-4436078239,Business Coordinator Volunteer,,scraped,2026-07-07T01:33:09.386453,
76853010b5739ab4,https://de.linkedin.com/jobs/view/clinical-operations-lead-clinical-trial-manager-at-alimentiv-4436073217,Clinical Operations Lead (Clinical Trial Manager),,scraped,2026-07-07T01:33:19.011391,
d77cc69d7f424a5f,https://de.linkedin.com/jobs/view/freiwilliges-soziales-jahr-%E2%80%93-bickebergschule-w-m-d-at-stiftung-st-franziskus-4436039776,Freiwilliges Soziales Jahr – Bickebergschule (w/m/d),,scraped,2026-07-07T01:33:25.799987,
b25e66062342310e,https://de.linkedin.com/jobs/view/senior-software-engineer-%E2%80%94-xcore-at-jobgether-4435711764,Senior Software Engineer — XCore,,scraped,2026-07-07T01:33:33.750884,
c5102be35d904eec,https://de.linkedin.com/jobs/view/hausdamen-assistent-m-w-d-at-strandresort-markgrafenheide-4433998107,Hausdamen Assistent (m/w/d),,scraped,2026-07-07T01:33:40.634214,
e2921c2ce6c40c96,https://de.linkedin.com/jobs/view/student-in-%E2%80%93-servicehelfer-in-%E2%80%93-car-support-autovermietung-at-studentpartout-4436243458,Student*in – Servicehelfer*in – Car-Support - Autovermietung,,scraped,2026-07-07T01:33:48.412706,
c525ee24b22b7c57,https://de.linkedin.com/jobs/view/croupier-m-w-d-at-spielbank-hamburg-jahr-%2B-achterfeld-gmbh-co-kg-4433992183,Croupier (m/w/d),,scraped,2026-07-07T01:33:55.809580,
4df7fbaf56fc8d6a,https://de.linkedin.com/jobs/view/technischer-zeichner-m-w-d-at-endigo-gmbh-4435777012,Technischer Zeichner (m/w/d),,scraped,2026-07-07T01:34:03.597512,
44fc73cb41c739eb,https://de.linkedin.com/jobs/view/administrative-assistant-m-f-d-for-permits-for-heavy-transport-mobile-cranes-at-bigmove-ag-4437156010,Administrative assistant (m/f/d) for permits for heavy transport & mobile cranes,BIGMOVE AG,posted,2026-07-07T01:34:23.567470,94
c361ecf554586bd2,https://de.linkedin.com/jobs/view/gebietsverkaufsleiter-im-au%C3%9Fendienst-m-w-d-region-duisburg-bochum-essen-d%C3%BCsseldorf-at-kn%C3%BCppel-verpackung-gmbh-co-kg-4436952172,"Gebietsverkaufsleiter im Außendienst (m/w/d) Region Duisburg, Bochum, Essen, Düsseldorf",,scraped,2026-07-07T01:34:26.223374,
53dcd0e812a3748f,https://de.linkedin.com/jobs/view/partnerships-manager-b2b-at-yazio-4437139851,Partnerships Manager B2B,,scraped,2026-07-07T01:34:33.140724,
58ea014cedd37336,https://de.linkedin.com/jobs/view/kfz-mechatroniker-hyundai-m-w-d-at-nord-ostsee-automobile-se-co-kg-4437139653,Kfz-Mechatroniker Hyundai (m/w/d),,scraped,2026-07-07T01:34:40.648704,
721b3472b888b0ff,https://de.linkedin.com/jobs/view/mathematics-qa-lead-remote-at-yo-it-consulting-4436059377,Mathematics QA Lead - Remote,,scraped,2026-07-07T01:34:49.798843,
ae45df18b20a75f1,https://de.linkedin.com/jobs/view/senior-program-manager-global-product-platform-launch-m-w-d-at-gem%C3%BC-group-4437142650,Senior Program Manager - Global Product Platform Launch (m/w/d),,scraped,2026-07-07T01:34:56.477635,
42bf96c1ee053b76,https://de.linkedin.com/jobs/view/license-owner-operator-berlin-at-stranger-soccer-4437425000,"License Owner / Operator, Berlin",,scraped,2026-07-07T01:35:03.536035,
1098d549a4a3c421,https://de.linkedin.com/jobs/view/junior-social-media-manager-m-w-d-at-rohde-schwarz-4436259560,Junior Social Media Manager (m/w/d),,scraped,2026-07-07T01:36:13.823581,
18e82ff75cd851f6,https://de.linkedin.com/jobs/view/medizinisch-technischer-radiologieassistent-mtra-m-w-d-ab-01-09-2026-at-krankenhaus-m%C3%A4rkisch-oderland-gmbh-4436041792,Medizinisch-Technischer Radiologieassistent - MTRA (m/w/d) ab 01.09.2026,,scraped,2026-07-07T01:36:21.428933,
5cb205de312fdf05,https://de.linkedin.com/jobs/view/investmentmanager-private-assets-w-m-d-at-mecklenburgische-versicherungs-gesellschaft-a-g-4437482477,Investmentmanager Private Assets (w/m/d),,scraped,2026-07-07T01:36:28.607062,
afad74a42c94a657,https://de.linkedin.com/jobs/view/transportfahrer-m-w-d-at-simon-hegele-gesellschaft-f%C3%BCr-logistik-und-service-mbh-4436932944,Transportfahrer (m/w/d),,scraped,2026-07-07T01:36:36.282270,
5e02e1dbe0716ff6,https://de.linkedin.com/jobs/view/customer-service-coordinator-m-w-d-at-caljan-4436252118,Customer Service Coordinator (m/w/d),,scraped,2026-07-07T01:36:43.853446,
c8203bcb0a231a4b,https://de.linkedin.com/jobs/view/front-office-supervisor-m-w-d-at-the-westin-grand-frankfurt-4437152815,Front Office Supervisor (m/w/d),The Westin Grand Frankfurt,posted,2026-07-07T01:37:03.376479,96
833290834a1529ad,https://de.linkedin.com/jobs/view/produktdesigner-m-w-div-bereich-betriebsmittelkonstruktion-at-sch%C3%BCtz-gmbh-co-kgaa-4433987203,Produktdesigner (m/w/div.) Bereich Betriebsmittelkonstruktion,,scraped,2026-07-07T01:37:06.237798,
b5e031de5e81ba2a,https://de.linkedin.com/jobs/view/schulbegleitung-at-specialsitter-4436993095,Schulbegleitung,,scraped,2026-07-07T01:37:14.074696,
3aebfb9b4e545e8a,https://de.linkedin.com/jobs/view/logistikkoordinator-m-w-d-at-chefs-culinar-4437492443,Logistikkoordinator (m/w/d),,scraped,2026-07-07T01:37:21.688723,
5e50a8250f4c9ece,https://de.linkedin.com/jobs/view/maurer-putzer-stuckateur-m-w-d-at-isotec-gmbh-4436982693,Maurer/ Putzer/ Stuckateur (m/w/d),,scraped,2026-07-07T01:37:30.618335,
fbef8a764487a358,https://de.linkedin.com/jobs/view/recruiter-active-sourcing-m-w-d-at-krongaard-4436091765,Recruiter Active Sourcing (m/w/d),,scraped,2026-07-07T01:37:38.023158,
1885fc3877554edb,https://de.linkedin.com/jobs/view/kaufhausdetektiv-m-w-d-%E2%80%93-quereinsteiger-willkommen-at-eduvia-bildungsakademie-gmbh-4431557828,Kaufhausdetektiv (m/w/d) – Quereinsteiger willkommen,EDUVIA Bildungsakademie GmbH,posted,2026-07-07T01:37:48.801471,80
0633ef3481528f86,https://de.linkedin.com/jobs/view/notrufzentrale-m-w-d-%E2%80%93-quereinsteiger-willkommen%21-at-eduvia-bildungsakademie-gmbh-4435041182,Notrufzentrale (m/w/d) – Quereinsteiger willkommen!,EDUVIA Bildungsakademie GmbH,posted,2026-07-07T01:38:01.113722,98
d9dcf84871d89608,https://de.linkedin.com/jobs/view/geld-und-werttransport-m-w-d-%E2%80%93-quereinsteiger-willkommen-at-eduvia-bildungsakademie-gmbh-4431570661,Geld und Werttransport (m/w/d) – Quereinsteiger willkommen,EDUVIA Bildungsakademie GmbH,posted,2026-07-07T01:38:07.185531,82
f9ab1564bce85c07,https://de.linkedin.com/jobs/view/sortiermitarbeiter-m-w-d-64331-weiterstadt-at-amazon-4436484541,Sortiermitarbeiter (m/w/d) - 64331 Weiterstadt,Amazon,posted,2026-07-07T01:38:49.256133,100
69b28235e4e181ba,https://de.linkedin.com/jobs/view/revierfahrer-m-w-d-%E2%80%93-quereinsteiger-willkommen%21-at-eduvia-bildungsakademie-gmbh-4431579435,Revierfahrer (m/w/d) – Quereinsteiger willkommen!,EDUVIA Bildungsakademie GmbH,posted,2026-07-07T01:38:55.364210,78
4a1be6d0db4afca8,https://de.linkedin.com/jobs/view/notrufzentrale-m-w-d-%E2%80%93-quereinsteiger-willkommen%21-at-eduvia-bildungsakademie-gmbh-4435030659,Notrufzentrale (m/w/d) – Quereinsteiger willkommen!,EDUVIA Bildungsakademie GmbH,posted,2026-07-07T01:39:01.342922,98
465500aeb8a0c6da,https://de.linkedin.com/jobs/view/kaufhausdetektiv-m-w-d-%E2%80%93-quereinsteiger-willkommen-at-eduvia-bildungsakademie-gmbh-4431557827,Kaufhausdetektiv (m/w/d) – Quereinsteiger willkommen,EDUVIA Bildungsakademie GmbH,posted,2026-07-07T01:39:07.432123,80
916baa615a86ec4f,https://de.linkedin.com/jobs/view/revierfahrer-m-w-d-%E2%80%93-quereinsteiger-willkommen%21-at-eduvia-bildungsakademie-gmbh-4431598046,Revierfahrer (m/w/d) – Quereinsteiger willkommen!,EDUVIA Bildungsakademie GmbH,posted,2026-07-07T01:39:13.489791,78
6a093143bbb2b6be,https://de.linkedin.com/jobs/view/sortiermitarbeiter-m-w-d-oerlenbach-at-amazon-4436479724,Sortiermitarbeiter (m/w/d) - Oerlenbach,Amazon,posted,2026-07-07T01:39:37.476732,102
a3c75c53be7f643a,https://de.linkedin.com/jobs/view/notrufzentrale-m-w-d-%E2%80%93-quereinsteiger-willkommen%21-at-eduvia-bildungsakademie-gmbh-4435032561,Notrufzentrale (m/w/d) – Quereinsteiger willkommen!,EDUVIA Bildungsakademie GmbH,posted,2026-07-07T01:39:43.705465,98
12efa2100111a90e,https://de.linkedin.com/jobs/view/genai-regional-product-marketing-manager-creative-product-at-tiktok-4436006320,"GenAI Regional Product Marketing Manager, Creative Product",,scraped,2026-07-07T01:39:46.430453,
55e16c553641abab,https://de.linkedin.com/jobs/view/specialist-w-m-d-lean-management-at-idt-biologika-4433962857,Specialist (w/m/d) Lean Management,,scraped,2026-07-07T01:39:53.931387,
5f45eaa39be7a4b0,https://de.linkedin.com/jobs/view/recruitment-consultant-at-halian-managed-services-recruitment-agency-contract-staffing-4437164522,Recruitment Consultant,,scraped,2026-07-07T01:40:01.334292,
9283de052d564a56,https://de.linkedin.com/jobs/view/g%C3%A4rtner-in-m-w-d-at-hegehof-4437165135,Gärtner*in (m/w/d),,scraped,2026-07-07T01:40:08.322645,
40f978968ee64c91,https://de.linkedin.com/jobs/view/wir-suchen-dich-alltagsassistenz-in-teilzeit-m-w-d-f%C3%BCr-jiyan-at-der-assistenzdienst-ruhr-gmbh-4437181743,WIR SUCHEN DICH: Alltagsassistenz in Teilzeit (m/w/d) für Jiyan,,scraped,2026-07-07T01:40:20.359879,
3a35b0f00f0d5a68,https://de.linkedin.com/jobs/view/referent-in-des-vorstandsvorsitzenden-at-koenig-bauer-dk-4435752674,Referent:in des Vorstandsvorsitzenden,,scraped,2026-07-07T01:40:28.742586,
f3916f2e3edcf72e,https://de.linkedin.com/jobs/view/junior-sales-manager-m-w-d-at-l-or%C3%A9al-4436220616,Junior Sales Manager (m/w/d),,scraped,2026-07-07T01:40:35.944501,
445bdddfaa98bc25,https://de.linkedin.com/jobs/view/country-lead-it-%E2%80%93-germany-at-securitas-security-services-europe-4436937969,Country Lead IT – Germany,,scraped,2026-07-07T01:40:42.931219,
f0888fe2a36d5063,https://de.linkedin.com/jobs/view/f-b-assistent-at-genuss-harmonie-4436219301,F&B Assistent (*),,scraped,2026-07-07T01:40:50.252129,
0f28c4ea6b920f15,https://de.linkedin.com/jobs/view/junior-analyst-daten-prozesse-m-w-d-studentjob-de-at-jobster-4435779897,(Junior) Analyst Daten & Prozesse (m/w/d) - Studentjob.de,,scraped,2026-07-07T01:40:58.200759,
bea5857f5e60689a,https://de.linkedin.com/jobs/view/quereinsteiger-m-w-d-fahrkartenkontrolleur-at-eduvia-bildungsakademie-gmbh-4431564951,Quereinsteiger (m/w/d) Fahrkartenkontrolleur,EDUVIA Bildungsakademie GmbH,posted,2026-07-07T01:41:14.171296,104
d5d06287ad82408c,https://de.linkedin.com/jobs/view/revierfahrer-m-w-d-%E2%80%93-quereinsteiger-willkommen%21-at-eduvia-bildungsakademie-gmbh-4431579433,Revierfahrer (m/w/d) – Quereinsteiger willkommen!,EDUVIA Bildungsakademie GmbH,posted,2026-07-07T01:41:20.397446,78
2921292ef45f2114,https://de.linkedin.com/jobs/view/quereinsteiger-m-w-d-fahrkartenkontrolleur-at-eduvia-bildungsakademie-gmbh-4431578211,Quereinsteiger (m/w/d) Fahrkartenkontrolleur,EDUVIA Bildungsakademie GmbH,posted,2026-07-07T01:41:26.778781,104
75d7f47923113077,https://de.linkedin.com/jobs/view/quereinsteiger-m-w-d-fahrkartenkontrolleur-at-eduvia-bildungsakademie-gmbh-4431564974,Quereinsteiger (m/w/d) Fahrkartenkontrolleur,EDUVIA Bildungsakademie GmbH,scraped,2026-07-07T01:41:32.145511,
e850897afd1d0868,https://de.linkedin.com/jobs/view/notrufzentrale-m-w-d-%E2%80%93-quereinsteiger-willkommen%21-at-eduvia-bildungsakademie-gmbh-4435039221,Notrufzentrale (m/w/d) – Quereinsteiger willkommen!,EDUVIA Bildungsakademie GmbH,posted,2026-07-07T01:41:38.278895,98
c73d60cbc823d4bd,https://de.linkedin.com/jobs/view/revierfahrer-m-w-d-%E2%80%93-quereinsteiger-willkommen%21-at-eduvia-bildungsakademie-gmbh-4431589058,Revierfahrer (m/w/d) – Quereinsteiger willkommen!,EDUVIA Bildungsakademie GmbH,posted,2026-07-07T01:41:44.437529,78
4137c4a921d9b296,https://de.linkedin.com/jobs/view/notrufzentrale-m-w-d-%E2%80%93-quereinsteiger-willkommen%21-at-eduvia-bildungsakademie-gmbh-4435032544,Notrufzentrale (m/w/d) – Quereinsteiger willkommen!,EDUVIA Bildungsakademie GmbH,posted,2026-07-07T01:41:50.507662,98
26d136d0eb1dff56,https://de.linkedin.com/jobs/view/quereinsteiger-m-w-d-fahrkartenkontrolleur-at-eduvia-bildungsakademie-gmbh-4431586015,Quereinsteiger (m/w/d) Fahrkartenkontrolleur,EDUVIA Bildungsakademie GmbH,posted,2026-07-07T01:41:56.624915,104
6ae82e0572f566ab,https://de.linkedin.com/jobs/view/revierfahrer-m-w-d-%E2%80%93-quereinsteiger-willkommen%21-at-eduvia-bildungsakademie-gmbh-4431595112,Revierfahrer (m/w/d) – Quereinsteiger willkommen!,EDUVIA Bildungsakademie GmbH,posted,2026-07-07T01:42:02.582624,78
167c88fd620ac704,https://de.linkedin.com/jobs/view/revierfahrer-m-w-d-%E2%80%93-quereinsteiger-willkommen%21-at-eduvia-bildungsakademie-gmbh-4431596090,Revierfahrer (m/w/d) – Quereinsteiger willkommen!,EDUVIA Bildungsakademie GmbH,posted,2026-07-07T01:42:08.636609,78
16930e3f056bbd8e,https://de.linkedin.com/jobs/view/head-of-design-%E2%80%93-architektin-innenarchitektin-m-w-d-at-coneon-gmbh-4437187964,Head of Design – Architektin / Innenarchitektin (m/w/d),,scraped,2026-07-07T01:42:11.561880,
3b9380c5c76815ee,https://de.linkedin.com/jobs/view/sport-und-fitnesskaufmann-frau-m-w-d-at-fitbox-gmbh-4436959865,Sport- und Fitnesskaufmann/frau (m/w/d),,scraped,2026-07-07T01:42:18.646589,
6b2710de27222916,https://de.linkedin.com/jobs/view/intern-m-f-d-defence-fund-studentjob-de-at-jobster-4435778840,Intern (m/f/d) | Defence Fund - Studentjob.de,,scraped,2026-07-07T01:42:25.648071,
32a0a9f061c91431,https://de.linkedin.com/jobs/view/system-engineer-backup-monitoring-m-w-d-at-skaylink-4436057716,System Engineer - Backup & Monitoring (m/w/d),,scraped,2026-07-07T01:42:33.014482,
8f2138b4c8b05284,https://de.linkedin.com/jobs/view/engagement-culture-intern-m-f-d-at-allianz-technology-4437171595,Engagement & Culture Intern (m/f/d),,scraped,2026-07-07T01:42:40.760938,
de86c8fbd3a30d32,https://de.linkedin.com/jobs/view/vertretungspool-stadtgebiet-hannover-at-awo-region-hannover-e-v-4436944873,VERTRETUNGSPOOL (STADTGEBIET HANNOVER),,scraped,2026-07-07T01:42:47.833056,
1ccc167726919ce7,https://de.linkedin.com/jobs/view/produktionsmitarbeiter-in-der-kunststoffverarbeitung-m-w-d-at-josef-kr%C3%A4nzle-gmbh-co-kg-4437478808,Produktionsmitarbeiter in der Kunststoffverarbeitung (m/w/d),Josef Kränzle GmbH &amp; Co.KG,posted,2026-07-07T01:43:04.610896,106
10394d5c9124e678,https://de.linkedin.com/jobs/view/it-support-mitarbeiter-user-helpdesk-m-w-d-at-frey-adv-gmbh-4436008467,IT-Support Mitarbeiter User Helpdesk (m/w/d),,scraped,2026-07-07T01:43:07.253431,
514b3d88e39b6489,https://de.linkedin.com/jobs/view/assistant-manager-finance-at-vanguard-logistics-services-4436089833,Assistant Manager Finance,,scraped,2026-07-07T01:43:15.055146,
8c637e9e3a8cb5aa,https://de.linkedin.com/jobs/view/development-engineer-2-bu-microsystems-photonics-m-f-d-at-x-fab-sarawak-4433988085,Development Engineer 2 - BU Microsystems & Photonics (m/f/d),,scraped,2026-07-07T01:43:28.200550,
d3e93c4ff1a00f84,https://de.linkedin.com/jobs/view/notrufzentrale-m-w-d-%E2%80%93-quereinsteiger-willkommen%21-at-eduvia-bildungsakademie-gmbh-4435031649,Notrufzentrale (m/w/d) – Quereinsteiger willkommen!,EDUVIA Bildungsakademie GmbH,posted,2026-07-07T01:43:39.657326,98
5e44220fda5d00a0,https://de.linkedin.com/jobs/view/amazon-fulfilment-associate-m-w-d-hof-gattendorf-at-amazon-4436441616,Amazon Fulfilment Associate (m/w/d) - Hof/Gattendorf,Amazon,posted,2026-07-07T01:43:54.697291,108
95515f528e15873f,https://de.linkedin.com/jobs/view/fahrer-in-on-demand-verkehr-at-deutsche-bahn-4417003852,Fahrer:in On-Demand-Verkehr,,scraped,2026-07-07T01:43:57.291600,
c22443d38bbb056e,https://de.linkedin.com/jobs/view/revierfahrer-m-w-d-%E2%80%93-quereinsteiger-willkommen%21-at-eduvia-bildungsakademie-gmbh-4431587065,Revierfahrer (m/w/d) – Quereinsteiger willkommen!,EDUVIA Bildungsakademie GmbH,posted,2026-07-07T01:44:09.183881,78
6a5fc6b768e6f785,https://de.linkedin.com/jobs/view/geld-und-werttransport-m-w-d-%E2%80%93-quereinsteiger-willkommen-at-eduvia-bildungsakademie-gmbh-4431577001,Geld und Werttransport (m/w/d) – Quereinsteiger willkommen,EDUVIA Bildungsakademie GmbH,posted,2026-07-07T01:44:15.271569,82
4044f2df028c3156,https://de.linkedin.com/jobs/view/geld-und-werttransport-m-w-d-%E2%80%93-quereinsteiger-willkommen-at-eduvia-bildungsakademie-gmbh-4431570665,Geld und Werttransport (m/w/d) – Quereinsteiger willkommen,EDUVIA Bildungsakademie GmbH,posted,2026-07-07T01:44:21.462123,82
4893ddeb6f81d2c6,https://de.linkedin.com/jobs/view/quereinsteiger-m-w-d-fahrkartenkontrolleur-at-eduvia-bildungsakademie-gmbh-4436081042,Quereinsteiger (m/w/d) Fahrkartenkontrolleur,EDUVIA Bildungsakademie GmbH,posted,2026-07-07T01:44:27.667594,104
a13d5c19d37bd707,https://de.linkedin.com/jobs/view/notrufzentrale-m-w-d-%E2%80%93-quereinsteiger-willkommen%21-at-eduvia-bildungsakademie-gmbh-4435035473,Notrufzentrale (m/w/d) – Quereinsteiger willkommen!,EDUVIA Bildungsakademie GmbH,posted,2026-07-07T01:44:33.951894,98
6c4f892e80100346,https://de.linkedin.com/jobs/view/busfahrer-in-at-deutsche-bahn-4434919990,Busfahrer:in,,scraped,2026-07-07T01:44:36.585566,
71bf5e35f052214e,https://de.linkedin.com/jobs/view/geld-und-werttransport-m-w-d-%E2%80%93-quereinsteiger-willkommen-at-eduvia-bildungsakademie-gmbh-4431575031,Geld und Werttransport (m/w/d) – Quereinsteiger willkommen,EDUVIA Bildungsakademie GmbH,posted,2026-07-07T01:44:48.002141,82
74ba3c882133e9f8,https://de.linkedin.com/jobs/view/network-engineer-m-w-d-at-ipg-photonics-gmbh-co-kg-4437446511,Network Engineer (m/w/d),,scraped,2026-07-07T01:44:50.754947,
0a604bfc3f07ff78,https://de.linkedin.com/jobs/view/mechatroniker-elektroniker-techniker-w-m-d-%E2%80%93-instandhaltung-logistik-at-gls-it-services-gmbh-4436018868,Mechatroniker / Elektroniker / Techniker (w/m/d) – Instandhaltung Logistik,,scraped,2026-07-07T01:44:57.781790,
96e92f62e80af7f8,https://de.linkedin.com/jobs/view/sport-und-fitnesskaufmann-frau-m-w-d-at-fitbox-gmbh-4436966444,Sport- und Fitnesskaufmann/frau (m/w/d),,scraped,2026-07-07T01:45:05.177921,
8051e9235ead7528,https://de.linkedin.com/jobs/view/strategy-transformation-project-manager-m-f-d-at-mann%2Bhummel-4434420003,Strategy & Transformation Project Manager (m/f/d),,scraped,2026-07-07T01:45:12.380327,
72a668468e4f374c,https://de.linkedin.com/jobs/view/freelance-agent-evaluation-engineer-at-mindrift-4437149784,Freelance Agent Evaluation Engineer,,scraped,2026-07-07T01:45:19.938881,
049a8d65aa0010a4,https://de.linkedin.com/jobs/view/praktikant-capital-markets-m-w-d-at-colliers-4437169161,Praktikant Capital Markets (m/w/d),,scraped,2026-07-07T01:45:33.648783,
da89fd3cc7cf294d,https://de.linkedin.com/jobs/view/system-engineer-virtualisierung-m-w-d-at-skaylink-4436059700,System Engineer - Virtualisierung (m/w/d),,scraped,2026-07-07T01:45:41.529159,
0470a3c70a8e4290,https://de.linkedin.com/jobs/view/technical-project-manager-m-f-d-at-semax-ag-4437105405,TECHNICAL PROJECT MANAGER (M/F/D),,scraped,2026-07-07T01:45:48.769957,
ee991093d33d6557,https://de.linkedin.com/jobs/view/crm-cvm-lifecycle-retention-marketing-lead-us-b2c-subscription-only-at-jobhire-ai-4437416261,CRM/ CVM / Lifecycle/Retention Marketing Lead (US b2c subscription only),JobHire.AI,posted,2026-07-07T01:46:07.005471,110
7c0d91f435eaa22d,https://de.linkedin.com/jobs/view/sport-und-fitnesskaufmann-frau-m-w-d-at-fitbox-gmbh-4436964537,Sport- und Fitnesskaufmann/frau (m/w/d),,scraped,2026-07-07T01:46:09.732045,
af356d910cab58f9,https://de.linkedin.com/jobs/view/demi-chef-de-partie-koch-m-w-d-at-revo-hospitality-group-4436958961,Demi Chef de Partie / Koch (m/w/d),,scraped,2026-07-07T01:46:16.343858,
a0c27f1396544fef,https://de.linkedin.com/jobs/view/senior-consultant-endpoint-management-m-w-d-at-skaylink-4436059699,Senior Consultant Endpoint Management (m/w/d),,scraped,2026-07-07T01:46:23.719010,
8110b7f1d61cdb32,https://de.linkedin.com/jobs/view/service-technician-for-air-conditioning-cleanroom-technology-m-f-d-%0Adaldrop-automation-%2B-service-gmbh-at-daldrop-%2B-dr-ing-huber-4437159549,"Service Technician for Air Conditioning / Cleanroom Technology (m/f/d)
Daldrop Automation + Service GmbH",,scraped,2026-07-07T01:46:31.275018,
15c876e431a4a08b,https://de.linkedin.com/jobs/view/it-systemadministrator-m-w-d-at-rembe%C2%AE-gmbh-safety%2Bcontrol-4437480620,IT-Systemadministrator (m/w/d),,scraped,2026-07-07T01:46:39.116711,
165423b101467935,https://de.linkedin.com/jobs/view/freiwilliges-soziales-jahr-fsj-bundesfreiwilligendienst-bfd-m-w-d-in-der-jugendhilfe-at-pilgerhaus-weinheim-4433972836,Freiwilliges Soziales Jahr (FSJ) / Bundesfreiwilligendienst (BFD) (m/w/d) in der Jugendhilfe,,scraped,2026-07-07T01:46:46.557950,
41c56555092e9c71,https://de.linkedin.com/jobs/view/serviceberater-hyundai-m-w-d-at-nord-ostsee-automobile-se-co-kg-4437150387,Serviceberater Hyundai (m/w/d),,scraped,2026-07-07T01:46:54.202180,
5c4c8e27d4c65daa,https://de.linkedin.com/jobs/view/workplace-it-intern-f-m-x-at-liveeo-4435828421,Workplace IT Intern (f/m/x),,scraped,2026-07-07T01:47:02.667902,
a7527ed85b60b29c,https://de.linkedin.com/jobs/view/student-assistant-m-f-d-%E2%80%93-tum-talent-factory-focus-research-funding-at-technische-universit%C3%A4t-m%C3%BCnchen-technical-university-of-munich-4436000810,Student Assistant (m/f/d) – TUM Talent Factory (Focus: Research Funding),Technische Universität München (Technical University of Munich),posted,2026-07-07T01:47:17.051311,112
acf11a6bccb3b9e1,https://de.linkedin.com/jobs/view/phd-student-manufacturing-variations-control-best%E2%80%91fit-assembly-f-m-d-at-volkswagen-alg%C3%A9rie-4436985671,PhD Student Manufacturing Variations Control - Best‑Fit Assembly (f/m/d),,scraped,2026-07-07T01:47:19.984405,
0bd744386f9f0fd4,https://de.linkedin.com/jobs/view/content-marketing-manager-m-w-d-at-infodas-4433983006,Content Marketing Manager (m/w/d),,scraped,2026-07-07T01:47:28.412383,
33ad89c4eb39d6f9,https://de.linkedin.com/jobs/view/it-administrator-m-w-d-at-grunwald-gmbh-4436989612,IT-Administrator (m/w/d),,scraped,2026-07-07T01:47:36.060213,
f1f5a29bc03201d8,https://de.linkedin.com/jobs/view/diplom-finanzwirt-in-angehende-steuerberater-in-m-w-d-at-goldmantax-4437165630,Diplom-Finanzwirt:in / angehende Steuerberater:in (m/w/d),,scraped,2026-07-07T01:47:44.340529,
52ea69512f6a1131,https://de.linkedin.com/jobs/view/senior-full-stack-engineer-m-f-x-at-ventureos-4436066455,Senior Full Stack Engineer (m/f/x),,scraped,2026-07-07T01:47:50.924373,
b00bc7751d598094,https://de.linkedin.com/jobs/view/specjalista-ds-logistyki-magazynowej-at-tabel-group-4437119659,Specjalista ds. logistyki magazynowej,,scraped,2026-07-07T01:48:27.425077,
ee80bee441e33f38,https://de.linkedin.com/jobs/view/working-student-ai-engineer-f-m-x-at-temedica-4437414620,Working Student - AI Engineer (f/m/x),,scraped,2026-07-07T01:48:35.115975,
9a1f6de9c906a007,https://de.linkedin.com/jobs/view/remote-investment-banking-specialist-%24100-hr-at-turing-4437157528,Remote Investment Banking Specialist ($100/hr),,scraped,2026-07-07T01:48:43.055256,
8e76f1e5cad52702,https://de.linkedin.com/jobs/view/principal-full-stack-developer-typescript-at-cosuno-4437449903,Principal Full Stack Developer (TypeScript),,scraped,2026-07-07T01:49:06.267301,
a982626c6aad4b9d,https://de.linkedin.com/jobs/view/sicherheitsmitarbeiter-m-w-d-quereinsteiger-at-eduvia-bildungsakademie-gmbh-4436069635,Sicherheitsmitarbeiter (m/w/d) Quereinsteiger,EDUVIA Bildungsakademie GmbH,posted,2026-07-07T01:49:23.946274,114
202facfb84154282,https://de.linkedin.com/jobs/view/junior-fullstack-ai-developer-m-w-d-studentjob-de-at-jobster-4435780694,Junior Fullstack / AI Developer (m/w/d) - Studentjob.de,,scraped,2026-07-07T01:49:26.663073,
a1bf572b19c1c34a,https://de.linkedin.com/jobs/view/field-service-specialist-at-laveer-engineering-4436937394,Field Service Specialist,,scraped,2026-07-07T01:49:33.766661,
24bcb7390733f2a0,https://de.linkedin.com/jobs/view/stra%C3%9Fenw%C3%A4rter-w-m-d-in-unserer-autobahnmeisterei-frankfurt-at-die-autobahn-gmbh-des-bundes-4437131970,Straßenwärter (w/m/d) in unserer Autobahnmeisterei Frankfurt,,scraped,2026-07-07T01:49:40.626669,
d1425b90d328b043,https://de.linkedin.com/jobs/view/komm-ins-tip-team-und-finde-einen-job-mit-perspektive%21-at-tip-group-4357821272,Komm ins TIP Team und finde einen Job mit Perspektive!,,scraped,2026-07-07T01:49:47.680211,
a6f67b63b9769ea7,https://de.linkedin.com/jobs/view/sortierer-m-w-d-at-o-i-4335185703,Sortierer (m/w/d),,scraped,2026-07-07T01:49:54.772034,
4b7264ae0a156408,https://de.linkedin.com/jobs/view/schulbegleitung-w-m-d-at-stiftung-st-franziskus-4436056018,Schulbegleitung (w/m/d),,scraped,2026-07-07T01:50:09.927241,
3627147d5384679a,https://de.linkedin.com/jobs/view/fahrzeugaufbereiter-m-w-d-at-autokontor-bayern-gmbh-4436079936,Fahrzeugaufbereiter (m/w/d),,scraped,2026-07-07T01:50:17.908362,
d26eaa34a08cf6d1,https://de.linkedin.com/jobs/view/working-student-at-fugro-4434627149,Working Student,,scraped,2026-07-07T01:50:25.363345,
87af03797982c976,https://de.linkedin.com/jobs/view/personaldisponent-f%C3%BCr-eventpersonal-m-w-d-in-magdeburg-at-concertlogistic-gmbh-4433904002,Personaldisponent für Eventpersonal (m/w/d) in Magdeburg,,scraped,2026-07-07T01:50:32.252002,
ca563f16acb8b8fc,https://de.linkedin.com/jobs/view/arbeitszugf%C3%BChrer-azf-%E2%80%A2-osnabr%C3%BCck-m-w-d-at-gsd-sicherheitsdienst-gmbh-4436306041,Arbeitszugführer (Azf) • Osnabrück m/w/d*,GSD Sicherheitsdienst GmbH,posted,2026-07-07T01:51:05.905555,116
9d03437f279fcd78,https://de.linkedin.com/jobs/view/hausmeister-in-m-w-d-vollzeit-at-gonder-group-4433953897,Hausmeister:in (m/w/d) Vollzeit,,scraped,2026-07-07T01:51:08.775260,
f0f66fdc3a5372f4,https://de.linkedin.com/jobs/view/paketzusteller-m-w-d-at-willi-weber-gmbh-co-kg-4436953145,Paketzusteller (m/w/d),,scraped,2026-07-07T01:51:16.365529,
f59cdfb16311ec51,https://de.linkedin.com/jobs/view/business-development-consultant-%E2%80%93-germany-at-right-management-4436242352,Business Development Consultant – Germany,,scraped,2026-07-07T01:51:23.342747,
4396157a7edab2e2,https://de.linkedin.com/jobs/view/legal-assistant-rechtsanwaltsfachangestellte-r-m-w-d-f%C3%BCr-das-team-arbeitsrecht-in-berlin-at-fieldfisher-4437144762,Legal Assistant / Rechtsanwaltsfachangestellte:r (m/w/d) für das Team Arbeitsrecht in Berlin,Fieldfisher,posted,2026-07-07T01:51:49.993484,118
7be8ecbb3198a707,https://de.linkedin.com/jobs/view/mitarbeiter-in-in-der-k%C3%BCche-m-w-d-at-die-jugendherbergen-djh-e-v-4437131533,Mitarbeiter*in in der Küche (m/w/d),,scraped,2026-07-07T01:51:53.016047,
81bd9dcdb5c206f5,https://de.linkedin.com/jobs/view/junior-bauleiter-m-w-d-hochbau-absolventen-berufseinsteiger-at-brunner-%2B-co-baugesellschaft-4436213098,"(Junior) Bauleiter (m/w/d) Hochbau (Absolventen, Berufseinsteiger)",,scraped,2026-07-07T01:52:00.625388,
97ae4d6cb7725754,https://de.linkedin.com/jobs/view/german-speaking-rent-a-car-consultant-work-in-sofia-bulgaria-at-mercier-consultancy-md-4436923975,"German Speaking Rent-a-Car Consultant - Work In Sofia, Bulgaria",,scraped,2026-07-07T01:52:07.514404,
f13777c55e524bfc,https://de.linkedin.com/jobs/view/commis-de-rang-w-m-d-at-atlantic-hotels-4437108030,Commis de Rang (w/m/d),,scraped,2026-07-07T01:52:19.943330,
f885a16bca1630f1,https://de.linkedin.com/jobs/view/rezeptionist-m-w-d-at-geodis-distribution-express-4437103126,Rezeptionist (m/w/d),,scraped,2026-07-07T01:52:27.383080,
34eb780f44ded769,https://de.linkedin.com/jobs/view/freiwilliges-soziales-jahr-fsj-at-lebenshilfe-bremerv%C3%B6rde-zeven-ggmbh-4433982074,Freiwilliges Soziales Jahr (FSJ),,scraped,2026-07-07T01:52:34.583264,
2ab1708f37930d10,https://de.linkedin.com/jobs/view/software-engineer-m-w-d-at-scope-engineering-gmbh-4435755843,Software Engineer (m/w/d),,scraped,2026-07-07T01:52:41.777116,
4c14a31a7dd4adaf,https://de.linkedin.com/jobs/view/psychologe-w-m-d-at-ifa-by-lopesan-hotels-4433982015,Psychologe (w/m/d),,scraped,2026-07-07T01:52:51.571756,
25aa193d1054bb58,https://de.linkedin.com/jobs/view/quereinsteiger-m-w-d-fahrkartenkontrolleur-at-eduvia-bildungsakademie-gmbh-4431574797,Quereinsteiger (m/w/d) Fahrkartenkontrolleur,EDUVIA Bildungsakademie GmbH,posted,2026-07-07T01:53:02.106733,104
5fd0911866fc4684,https://de.linkedin.com/jobs/view/quereinsteiger-m-w-d-fahrkartenkontrolleur-at-eduvia-bildungsakademie-gmbh-4431575260,Quereinsteiger (m/w/d) Fahrkartenkontrolleur,EDUVIA Bildungsakademie GmbH,posted,2026-07-07T01:53:08.449323,104
c6ff6cdf8a37b2dc,https://de.linkedin.com/jobs/view/quereinsteiger-m-w-d-fahrkartenkontrolleur-at-eduvia-bildungsakademie-gmbh-4431581041,Quereinsteiger (m/w/d) Fahrkartenkontrolleur,EDUVIA Bildungsakademie GmbH,posted,2026-07-07T01:53:14.410356,104
f16e1de875440ed8,https://de.linkedin.com/jobs/view/sortierer-f%C3%BCr-briefe-m-w-d-at-deutsche-post-und-dhl-4437191044,Sortierer für Briefe (m/w/d),,scraped,2026-07-07T01:53:17.131848,
493cae11b59ac2e4,https://de.linkedin.com/jobs/view/postbote-%E2%80%93-aushilfe-m-w-d-at-deutsche-post-und-dhl-4435125387,Postbote – Aushilfe (m/w/d),,scraped,2026-07-07T01:53:23.805860,
5912837c05f64d38,https://de.linkedin.com/jobs/view/busfahrer-in-at-deutsche-bahn-4426720268,Busfahrer:in,,scraped,2026-07-07T01:53:30.248136,
a3a9607d78725d92,https://de.linkedin.com/jobs/view/quereinsteiger-m-w-d-fahrkartenkontrolleur-at-eduvia-bildungsakademie-gmbh-4431580088,Quereinsteiger (m/w/d) Fahrkartenkontrolleur,EDUVIA Bildungsakademie GmbH,posted,2026-07-07T01:53:41.433546,104
a637b7440f16a211,https://de.linkedin.com/jobs/view/postbote-f%C3%BCr-pakete-paketzusteller-%E2%80%93-aushilfe-im-norden-von-m%C3%BCnster-westf-m-w-d-at-deutsche-post-und-dhl-4435827004,Postbote für Pakete/Paketzusteller – Aushilfe im Norden von Münster Westf. (m/w/d),,scraped,2026-07-07T01:53:44.031761,
ed3dce1656d2855f,https://de.linkedin.com/jobs/view/notrufzentrale-m-w-d-%E2%80%93-quereinsteiger-willkommen%21-at-eduvia-bildungsakademie-gmbh-4435043184,Notrufzentrale (m/w/d) – Quereinsteiger willkommen!,EDUVIA Bildungsakademie GmbH,posted,2026-07-07T01:53:53.987516,98
0d793b37071a70b4,https://de.linkedin.com/jobs/view/quereinsteiger-m-w-d-fahrkartenkontrolleur-at-eduvia-bildungsakademie-gmbh-4431565971,Quereinsteiger (m/w/d) Fahrkartenkontrolleur,EDUVIA Bildungsakademie GmbH,posted,2026-07-07T01:54:00.402819,104
cc1a44becbc5fd60,https://de.linkedin.com/jobs/view/dhbw-study-program-mechanical-engineering-b-e-2027-at-sch%C3%B6lly-fiberoptic-gmbh-4436026715,DHBW study program mechanical engineering (B.E.) 2027,,scraped,2026-07-07T01:54:03.065873,
89e82c0086bb5362,https://de.linkedin.com/jobs/view/ingenieur-maschinenbau-m-w-d-at-zeitlimit-personaldienstleistungen-gmbh-4437164996,Ingenieur - Maschinenbau (m/w/d),,scraped,2026-07-07T01:54:10.290812,
f8ed527a7a6ec985,https://de.linkedin.com/jobs/view/sicherheitsmitarbeiter-m-w-d-quereinsteiger-at-eduvia-bildungsakademie-gmbh-4436076303,Sicherheitsmitarbeiter (m/w/d) Quereinsteiger,EDUVIA Bildungsakademie GmbH,posted,2026-07-07T01:54:21.227203,114
675f4b47dfdeec9e,https://de.linkedin.com/jobs/view/junior-marketing-manager-produktmanager-m-w-d-%E2%80%93-b2b-bereich-at-vnr-group-4436239591,(Junior) Marketing Manager / Produktmanager (m/w/d) – B2B Bereich,,scraped,2026-07-07T01:54:23.911415,
8d3066b784fc8600,https://de.linkedin.com/jobs/view/jurist-legal-specialist-m-w-d-kapitalmarktrecht-at-beck-stellenmarkt-4436934849,Jurist/Legal Specialist (m/w/d) Kapitalmarktrecht,,scraped,2026-07-07T01:54:31.596983,
dd206cbb4f3bfd84,https://de.linkedin.com/jobs/view/barkeeper-m-w-d-at-spielbank-hamburg-jahr-%2B-achterfeld-gmbh-co-kg-4433988301,Barkeeper (m/w/d),,scraped,2026-07-07T01:54:38.506226,
0bfc5615c7e85d52,https://de.linkedin.com/jobs/view/talent-acquisition-assistant-recruiting-leicht-gemacht-m-w-d-quereinsteiger-willkommen%21-at-mod-education-4437173632,Talent Acquisition Assistant - Recruiting leicht gemacht (m/w/d) - Quereinsteiger willkommen!,MOD education,posted,2026-07-07T01:54:54.835053,120
aee369c4bf02b26d,https://de.linkedin.com/jobs/view/student-in-%E2%80%93-catering-mitarbeiter-in-%E2%80%93-werksviertel-at-studentpartout-4436237512,Student*in – Catering-Mitarbeiter*in – Werksviertel,,scraped,2026-07-07T01:54:57.527398,
a38844d84ce9aa02,https://de.linkedin.com/jobs/view/umwelttechniker-m-w-d-at-wittmann-entsorgungswirtschaft-gmbh-4437100299,Umwelttechniker (m/w/d),,scraped,2026-07-07T01:55:04.774713,
32f074ee7e3003b3,https://de.linkedin.com/jobs/view/au%C3%9Fendienst-m-w-d-in-vollzeit-gebiet-laichingen-schw%C3%A4bische-alb-at-franz-scheuerle-ulm-kg-4436051284,Außendienst (m/w/d) in Vollzeit - Gebiet Laichingen Schwäbische Alb,,scraped,2026-07-07T01:55:12.929117,
6dda9dd37d066c03,https://de.linkedin.com/jobs/view/quereinsteiger-m-w-d-fahrkartenkontrolleur-at-eduvia-bildungsakademie-gmbh-4431564955,Quereinsteiger (m/w/d) Fahrkartenkontrolleur,EDUVIA Bildungsakademie GmbH,posted,2026-07-07T01:55:23.654926,104
44fb14be8f7cee40,https://de.linkedin.com/jobs/view/notrufzentrale-m-w-d-%E2%80%93-quereinsteiger-willkommen%21-at-eduvia-bildungsakademie-gmbh-4435044148,Notrufzentrale (m/w/d) – Quereinsteiger willkommen!,EDUVIA Bildungsakademie GmbH,posted,2026-07-07T01:55:29.669233,98
37dbc68196508558,https://de.linkedin.com/jobs/view/notrufzentrale-m-w-d-%E2%80%93-quereinsteiger-willkommen%21-at-eduvia-bildungsakademie-gmbh-4435046093,Notrufzentrale (m/w/d) – Quereinsteiger willkommen!,EDUVIA Bildungsakademie GmbH,posted,2026-07-07T01:55:35.649957,98
9fbee10df6ce0c42,https://de.linkedin.com/jobs/view/kommissionierer-m-w-d-at-ostermann-gruppe-4435531768,Kommissionierer (m/w/d),Ostermann Gruppe,posted,2026-07-07T01:56:01.363721,122
4c33b0b8ff54ceaa,https://de.linkedin.com/jobs/view/quereinsteiger-m-w-d-fahrkartenkontrolleur-at-eduvia-bildungsakademie-gmbh-4431581060,Quereinsteiger (m/w/d) Fahrkartenkontrolleur,EDUVIA Bildungsakademie GmbH,posted,2026-07-07T01:56:07.450274,104
b7219a97e46f2cc9,https://de.linkedin.com/jobs/view/quereinsteiger-m-w-d-fahrkartenkontrolleur-at-eduvia-bildungsakademie-gmbh-4431586020,Quereinsteiger (m/w/d) Fahrkartenkontrolleur,EDUVIA Bildungsakademie GmbH,posted,2026-07-07T01:56:13.349803,104
fc9ac92a8afae395,https://de.linkedin.com/jobs/view/quereinsteiger-m-w-d-fahrkartenkontrolleur-at-eduvia-bildungsakademie-gmbh-4436075321,Quereinsteiger (m/w/d) Fahrkartenkontrolleur,EDUVIA Bildungsakademie GmbH,posted,2026-07-07T01:56:19.708422,104
faa8f847f0271c6a,https://de.linkedin.com/jobs/view/quereinsteiger-m-w-d-fahrkartenkontrolleur-at-eduvia-bildungsakademie-gmbh-4436075317,Quereinsteiger (m/w/d) Fahrkartenkontrolleur,EDUVIA Bildungsakademie GmbH,posted,2026-07-07T01:56:25.697670,104
e1add28fd9a1426f,https://de.linkedin.com/jobs/view/busfahrer-in-at-deutsche-bahn-4434934488,Busfahrer:in,,scraped,2026-07-07T01:56:28.543460,
083ef309b3fd646b,https://de.linkedin.com/jobs/view/fleischer-m-w-d-at-emil-f%C3%A4rber-gmbh-co-kg-4436793758,Fleischer (m/w/d),,scraped,2026-07-07T01:56:36.422114,
3fd15a47e5369d06,https://de.linkedin.com/jobs/view/notrufzentrale-m-w-d-%E2%80%93-quereinsteiger-willkommen%21-at-eduvia-bildungsakademie-gmbh-4435033553,Notrufzentrale (m/w/d) – Quereinsteiger willkommen!,EDUVIA Bildungsakademie GmbH,posted,2026-07-07T01:56:46.891947,98
4583882a4bbbb419,https://de.linkedin.com/jobs/view/revierfahrer-m-w-d-%E2%80%93-quereinsteiger-willkommen%21-at-eduvia-bildungsakademie-gmbh-4431575341,Revierfahrer (m/w/d) – Quereinsteiger willkommen!,EDUVIA Bildungsakademie GmbH,posted,2026-07-07T01:56:53.118549,78
c3653e6885856681,https://de.linkedin.com/jobs/view/quereinsteiger-im-sicherheitsbereich-m-w-d-at-eduvia-bildungsakademie-gmbh-4431590024,Quereinsteiger im Sicherheitsbereich (m/w/d),EDUVIA Bildungsakademie GmbH,posted,2026-07-07T01:57:05.031021,124
acec6f62b19b284f,https://de.linkedin.com/jobs/view/quereinsteiger-m-w-d-fahrkartenkontrolleur-at-eduvia-bildungsakademie-gmbh-4436069601,Quereinsteiger (m/w/d) Fahrkartenkontrolleur,EDUVIA Bildungsakademie GmbH,posted,2026-07-07T01:57:10.938122,104
4061a5a8e0259ac3,https://de.linkedin.com/jobs/view/busfahrer-in-at-deutsche-bahn-4417441633,Busfahrer:in,,scraped,2026-07-07T01:57:13.556305,
f294454769ed7b0b,https://de.linkedin.com/jobs/view/revierfahrer-m-w-d-%E2%80%93-quereinsteiger-willkommen%21-at-eduvia-bildungsakademie-gmbh-4431586288,Revierfahrer (m/w/d) – Quereinsteiger willkommen!,EDUVIA Bildungsakademie GmbH,posted,2026-07-07T01:57:24.294023,78
d48feef173ba2c54,https://de.linkedin.com/jobs/view/quereinsteiger-im-sicherheitsbereich-m-w-d-at-eduvia-bildungsakademie-gmbh-4431590000,Quereinsteiger im Sicherheitsbereich (m/w/d),EDUVIA Bildungsakademie GmbH,posted,2026-07-07T01:57:30.268815,124
899cde3a2d95e956,https://de.linkedin.com/jobs/view/quereinsteiger-m-w-d-fahrkartenkontrolleur-at-eduvia-bildungsakademie-gmbh-4431577275,Quereinsteiger (m/w/d) Fahrkartenkontrolleur,EDUVIA Bildungsakademie GmbH,posted,2026-07-07T01:57:36.720686,104
961125a5d5bd9692,https://de.linkedin.com/jobs/view/quereinsteiger-im-sicherheitsbereich-m-w-d-at-eduvia-bildungsakademie-gmbh-4431582106,Quereinsteiger im Sicherheitsbereich (m/w/d),EDUVIA Bildungsakademie GmbH,posted,2026-07-07T01:57:42.645716,124
94a6df6bd417543e,https://de.linkedin.com/jobs/view/aushilfe-als-postbote-f%C3%BCr-pakete-und-briefe-m-w-d-kein-minijob%21-at-deutsche-post-und-dhl-4435116773,Aushilfe als Postbote für Pakete und Briefe (m/w/d) Kein Minijob!,,scraped,2026-07-07T01:57:45.592219,
74b7d85da11f3536,https://de.linkedin.com/jobs/view/physiotherapeutin-physiotherapeut-m-w-d-at-s%C3%A4chsisches-krankenhaus-rodewisch-4436915708,Physiotherapeutin/Physiotherapeut (m/w/d),,scraped,2026-07-07T01:57:52.723894,
ac26b87bd21654c3,https://de.linkedin.com/jobs/view/sales-consultant-at-bor%C3%A7elik-4436097213,Sales Consultant,,scraped,2026-07-07T01:58:39.276602,
952cb27aa22876ca,https://de.linkedin.com/jobs/view/sales-representative-intern-at-genx-leadership-academy-4437155712,Sales Representative Intern,,scraped,2026-07-07T01:58:47.083423,
6158f98817d831cb,https://de.linkedin.com/jobs/view/mitarbeiter-in-der-logistik-m-w-d-at-kl%C3%B6pferholz-gmbh-co-kg-4437428984,Mitarbeiter in der Logistik (m/w/d),,scraped,2026-07-07T01:58:54.525607,
acf691ae5cfed098,https://de.linkedin.com/jobs/view/hr-generalist-das-allrounder-hr-paket%21-m-w-d-100%25-remote%21-at-mod-education-4437161960,HR Generalist - Das Allrounder HR-Paket! (m/w/d) - 100% remote!,MOD education,posted,2026-07-07T01:59:12.559355,126
ab1c1a41c08292f4,https://de.linkedin.com/jobs/view/account-manager-%E2%80%93-microsoft-azure-m-w-d-at-skaylink-4436062506,Account Manager – Microsoft Azure (m/w/d),,scraped,2026-07-07T01:59:15.308841,
8478980bb7cf8a8c,https://de.linkedin.com/jobs/view/sales-manager-deutsch-englisch-m-w-d-at-itcareerhub-4436218804,Sales Manager - Deutsch & Englisch (m/w/d),,scraped,2026-07-07T01:59:22.913338,
7d56ae0f687aef02,https://de.linkedin.com/jobs/view/trainee-m-w-d-steuern-finanzsteuerung-at-aok-nordost-die-gesundheitskasse-servicecenter-gadebusch-4436266204,Trainee (m/w/d) Steuern & Finanzsteuerung,AOK Nordost - Die Gesundheitskasse Servicecenter Gadebusch,posted,2026-07-07T02:00:29.478178,128
71b3d12bba3e28c9,https://de.linkedin.com/jobs/view/we-are-looking-for-foreman-final-assembly-m-f-d-at-lavatec-laundry-technology-gmbh-4436984984,We are looking for: Foreman Final Assembly (m/f/d),,scraped,2026-07-07T02:00:32.112971,
018ea2abc54ba4b5,https://de.linkedin.com/jobs/view/produktionsmitarbeiter-mwd-montage-montageanlagen-at-sanit%C3%A4rtechnik-eisenberg-gmbh-4433978476,Produktionsmitarbeiter (mwd) -  Montage / Montageanlagen,,scraped,2026-07-07T02:00:39.699081,
